1;IU0IU00137*BEH*OS;BEH;OS;;3;Calvin Klein Jeans;Аксессуары;Рюкзак;100% полиэстер;ДЖУНИОР РЕПАБЛИК ООО;Calvin Klein Europe B.V.;КИТАЙ;6;8909.418;;1;;2;
2;IU0IU00137*ZAA*OS;ZAA;OS;;3;Calvin Klein Jeans;Аксессуары;Рюкзак;100% полиэстер;ДЖУНИОР РЕПАБЛИК ООО;Calvin Klein Europe B.V.;КИТАЙ;6;8909.418;;2;;2;
3;IU0IU00140*0IM*OS;0IM;OS;;3;Calvin Klein Jeans;Аксессуары;Сумка кроссовер;100% полиэстер;ДЖУНИОР РЕПАБЛИК ООО;Calvin Klein Europe B.V.;КИТАЙ;6;5091.096;;2;;2;
4;IU0IU00140*BEH*OS;BEH;OS;;3;Calvin Klein Jeans;Аксессуары;Сумка кроссовер;100% полиэстер;ДЖУНИОР РЕПАБЛИК ООО;Calvin Klein Europe B.V.;КИТАЙ;6;5091.096;;2;;2;
5;IB0IB00517*0GM*8;0GM;8;;1;Calvin Klein Jeans;Одежда;Брюки спортивные;100% Органический хлопок;ДЖУНИОР РЕПАБЛИК ООО;Calvin Klein Europe B.V.;ИНДИЯ;5;8909.418;;1;;2;
6;IB0IB00517*0GM*10;0GM;10;5;1;Calvin Klein Jeans;Одежда;Брюки спортивные;100% Органический хлопок;ДЖУНИОР РЕПАБЛИК ООО;Calvin Klein Europe B.V.;ИНДИЯ;;8909.418;;1;;2;
7;IB0IB00517*0GM*12;0GM;12;5;1;Calvin Klein Jeans;Одежда;Брюки спортивные;100% Органический хлопок;ДЖУНИОР РЕПАБЛИК ООО;Calvin Klein Europe B.V.;ИНДИЯ;;8909.418;;1;;2;
8;IB0IB00517*0GM*14;0GM;14;5;1;Calvin Klein Jeans;Одежда;Брюки спортивные;100% Органический хлопок;ДЖУНИОР РЕПАБЛИК ООО;Calvin Klein Europe B.V.;ИНДИЯ;;8909.418;;1;;2;
9;IB0IB00517*0GM*16;0GM;16;5;1;Calvin Klein Jeans;Одежда;Брюки спортивные;100% Органический хлопок;ДЖУНИОР РЕПАБЛИК ООО;Calvin Klein Europe B.V.;ИНДИЯ;;8909.418;;1;;2;
10;IB0IB00578*BEH*8;BEH;8;;1;Calvin Klein Jeans;Одежда;Брюки спортивные;100% Органический хлопок;ДЖУНИОР РЕПАБЛИК ООО;Calvin Klein Europe B.V.;ТУРЦИЯ;5;8909.418;;1;;2;
11;IB0IB00578*BEH*10;BEH;10;10;1;Calvin Klein Jeans;Одежда;Брюки спортивные;100% Органический хлопок;ДЖУНИОР РЕПАБЛИК ООО;Calvin Klein Europe B.V.;ТУРЦИЯ;;8909.418;;1;;2;
12;IB0IB00578*BEH*12;BEH;12;10;1;Calvin Klein Jeans;Одежда;Брюки спортивные;100% Органический хлопок;ДЖУНИОР РЕПАБЛИК ООО;Calvin Klein Europe B.V.;ТУРЦИЯ;;8909.418;;1;;2;
13;IB0IB00578*BEH*14;BEH;14;10;1;Calvin Klein Jeans;Одежда;Брюки спортивные;100% Органический хлопок;ДЖУНИОР РЕПАБЛИК ООО;Calvin Klein Europe B.V.;ТУРЦИЯ;;8909.418;;1;;2;
14;IB0IB00578*BEH*16;BEH;16;10;1;Calvin Klein Jeans;Одежда;Брюки спортивные;100% Органический хлопок;ДЖУНИОР РЕПАБЛИК ООО;Calvin Klein Europe B.V.;ТУРЦИЯ;;8909.418;;1;;2;
15;IB0IB00519*BEH*8;BEH;8;;1;Calvin Klein Jeans;Одежда;Брюки спортивные;50% Хлопок, 50% Полиэстер;ДЖУНИОР РЕПАБЛИК ООО;Calvin Klein Europe B.V.;ТУРЦИЯ;0;8273.031;;1;;2;
16;IB0IB00519*BEH*10;BEH;10;15;1;Calvin Klein Jeans;Одежда;Брюки спортивные;50% Хлопок, 50% Полиэстер;ДЖУНИОР РЕПАБЛИК ООО;Calvin Klein Europe B.V.;ТУРЦИЯ;;8273.031;;1;;2;
17;IB0IB00519*BEH*12;BEH;12;15;1;Calvin Klein Jeans;Одежда;Брюки спортивные;50% Хлопок, 50% Полиэстер;ДЖУНИОР РЕПАБЛИК ООО;Calvin Klein Europe B.V.;ТУРЦИЯ;;8273.031;;1;;2;
18;IB0IB00519*BEH*14;BEH;14;15;1;Calvin Klein Jeans;Одежда;Брюки спортивные;50% Хлопок, 50% Полиэстер;ДЖУНИОР РЕПАБЛИК ООО;Calvin Klein Europe B.V.;ТУРЦИЯ;;8273.031;;1;;2;
19;IB0IB00519*BEH*16;BEH;16;15;1;Calvin Klein Jeans;Одежда;Брюки спортивные;50% Хлопок, 50% Полиэстер;ДЖУНИОР РЕПАБЛИК ООО;Calvin Klein Europe B.V.;ТУРЦИЯ;;8273.031;;1;;2;
20;IB0IB00519*PZ2*8;PZ2;8;;1;Calvin Klein Jeans;Одежда;Брюки спортивные;50% Хлопок, 50% Полиэстер;ДЖУНИОР РЕПАБЛИК ООО;Calvin Klein Europe B.V.;ТУРЦИЯ;0;8273.031;;1;;2;
21;IB0IB00519*PZ2*10;PZ2;10;20;1;Calvin Klein Jeans;Одежда;Брюки спортивные;50% Хлопок, 50% Полиэстер;ДЖУНИОР РЕПАБЛИК ООО;Calvin Klein Europe B.V.;ТУРЦИЯ;;8273.031;;1;;2;
22;IB0IB00519*PZ2*12;PZ2;12;20;1;Calvin Klein Jeans;Одежда;Брюки спортивные;50% Хлопок, 50% Полиэстер;ДЖУНИОР РЕПАБЛИК ООО;Calvin Klein Europe B.V.;ТУРЦИЯ;;8273.031;;1;;2;
23;IB0IB00519*PZ2*14;PZ2;14;20;1;Calvin Klein Jeans;Одежда;Брюки спортивные;50% Хлопок, 50% Полиэстер;ДЖУНИОР РЕПАБЛИК ООО;Calvin Klein Europe B.V.;ТУРЦИЯ;;8273.031;;1;;2;
24;IB0IB00519*PZ2*16;PZ2;16;20;1;Calvin Klein Jeans;Одежда;Брюки спортивные;50% Хлопок, 50% Полиэстер;ДЖУНИОР РЕПАБЛИК ООО;Calvin Klein Europe B.V.;ТУРЦИЯ;;8273.031;;1;;2;
25;IG0IG00605*BEH*8;BEH;8;;2;Calvin Klein Jeans;Одежда;Платье;73% хлопок, 27% полиэстер;ДЖУНИОР РЕПАБЛИК ООО;Calvin Klein Europe B.V.;КИТАЙ;4;9545.805;;1;;2;
26;IG0IG00605*BEH*10;BEH;10;25;2;Calvin Klein Jeans;Одежда;Платье;73% хлопок, 27% полиэстер;ДЖУНИОР РЕПАБЛИК ООО;Calvin Klein Europe B.V.;КИТАЙ;;9545.805;;1;;2;
27;IG0IG00605*BEH*12;BEH;12;25;2;Calvin Klein Jeans;Одежда;Платье;73% хлопок, 27% полиэстер;ДЖУНИОР РЕПАБЛИК ООО;Calvin Klein Europe B.V.;КИТАЙ;;9545.805;;1;;2;
28;IG0IG00605*BEH*14;BEH;14;25;2;Calvin Klein Jeans;Одежда;Платье;73% хлопок, 27% полиэстер;ДЖУНИОР РЕПАБЛИК ООО;Calvin Klein Europe B.V.;КИТАЙ;;9545.805;;1;;2;
29;IG0IG00605*BEH*16;BEH;16;25;2;Calvin Klein Jeans;Одежда;Платье;73% хлопок, 27% полиэстер;ДЖУНИОР РЕПАБЛИК ООО;Calvin Klein Europe B.V.;КИТАЙ;;9545.805;;1;;2;
30;IG0IG00605*PZ2*8;PZ2;8;;2;Calvin Klein Jeans;Одежда;Платье;73% хлопок, 27% полиэстер;ДЖУНИОР РЕПАБЛИК ООО;Calvin Klein Europe B.V.;КИТАЙ;0;9545.805;;1;;2;
31;IG0IG00605*PZ2*10;PZ2;10;30;2;Calvin Klein Jeans;Одежда;Платье;73% хлопок, 27% полиэстер;ДЖУНИОР РЕПАБЛИК ООО;Calvin Klein Europe B.V.;КИТАЙ;;9545.805;;1;;2;
32;IG0IG00605*PZ2*12;PZ2;12;30;2;Calvin Klein Jeans;Одежда;Платье;73% хлопок, 27% полиэстер;ДЖУНИОР РЕПАБЛИК ООО;Calvin Klein Europe B.V.;КИТАЙ;;9545.805;;1;;2;
33;IG0IG00605*PZ2*14;PZ2;14;30;2;Calvin Klein Jeans;Одежда;Платье;73% хлопок, 27% полиэстер;ДЖУНИОР РЕПАБЛИК ООО;Calvin Klein Europe B.V.;КИТАЙ;;9545.805;;1;;2;
34;IG0IG00605*PZ2*16;PZ2;16;30;2;Calvin Klein Jeans;Одежда;Платье;73% хлопок, 27% полиэстер;ДЖУНИОР РЕПАБЛИК ООО;Calvin Klein Europe B.V.;КИТАЙ;;9545.805;;1;;2;
35;IG0IG00600*TAB*10;TAB;10;;2;Calvin Klein Jeans;Одежда;Платье;100% Органический хлопок;ДЖУНИОР РЕПАБЛИК ООО;Calvin Klein Europe B.V.;ПОРТУГАЛИЯ;5;10182.192;;1;;2;
36;IG0IG00600*TAB*12;TAB;12;35;2;Calvin Klein Jeans;Одежда;Платье;100% Органический хлопок;ДЖУНИОР РЕПАБЛИК ООО;Calvin Klein Europe B.V.;ПОРТУГАЛИЯ;;10182.192;;1;;2;
37;IG0IG00600*TAB*14;TAB;14;35;2;Calvin Klein Jeans;Одежда;Платье;100% Органический хлопок;ДЖУНИОР РЕПАБЛИК ООО;Calvin Klein Europe B.V.;ПОРТУГАЛИЯ;;10182.192;;1;;2;
38;IG0IG00600*TAB*16;TAB;16;35;2;Calvin Klein Jeans;Одежда;Платье;100% Органический хлопок;ДЖУНИОР РЕПАБЛИК ООО;Calvin Klein Europe B.V.;ПОРТУГАЛИЯ;;10182.192;;1;;2;
39;IG0IG00599*BEH*14;BEH;14;41;2;Calvin Klein Jeans;Одежда;Платье;66% Вискоза, 29% Полиамид, 5% Эластан;ДЖУНИОР РЕПАБЛИК ООО;Calvin Klein Europe B.V.;КИТАЙ;;8909.418;;1;;2;
40;IG0IG00599*BEH*16;BEH;16;41;2;Calvin Klein Jeans;Одежда;Платье;66% Вискоза, 29% Полиамид, 5% Эластан;ДЖУНИОР РЕПАБЛИК ООО;Calvin Klein Europe B.V.;КИТАЙ;;8909.418;;1;;2;
41;IG0IG00599*BEH*8;BEH;8;;2;Calvin Klein Jeans;Одежда;Платье;66% Вискоза, 29% Полиамид, 5% Эластан;ДЖУНИОР РЕПАБЛИК ООО;Calvin Klein Europe B.V.;КИТАЙ;0;8909.418;;1;;2;
42;IG0IG00599*BEH*10;BEH;10;41;2;Calvin Klein Jeans;Одежда;Платье;66% Вискоза, 29% Полиамид, 5% Эластан;ДЖУНИОР РЕПАБЛИК ООО;Calvin Klein Europe B.V.;КИТАЙ;;8909.418;;1;;2;
43;IG0IG00599*BEH*12;BEH;12;41;2;Calvin Klein Jeans;Одежда;Платье;66% Вискоза, 29% Полиамид, 5% Эластан;ДЖУНИОР РЕПАБЛИК ООО;Calvin Klein Europe B.V.;КИТАЙ;;8909.418;;1;;2;
44;IG0IG00559*BEH*8;BEH;8;;2;Calvin Klein Jeans;Одежда;Леггинсы;94% Органический хлопок, 6% Эластан;ДЖУНИОР РЕПАБЛИК ООО;Calvin Klein Europe B.V.;БАНГЛАДЕШ;5;3818.322;;1;;2;
45;IG0IG00559*BEH*10;BEH;10;44;2;Calvin Klein Jeans;Одежда;Леггинсы;94% Органический хлопок, 6% Эластан;ДЖУНИОР РЕПАБЛИК ООО;Calvin Klein Europe B.V.;БАНГЛАДЕШ;;3818.322;;1;;2;
46;IG0IG00559*PZ2*8;PZ2;8;;2;Calvin Klein Jeans;Одежда;Леггинсы;94% Органический хлопок, 6% Эластан;ДЖУНИОР РЕПАБЛИК ООО;Calvin Klein Europe B.V.;БАНГЛАДЕШ;0;3818.322;;1;;2;
47;IG0IG00559*PZ2*10;PZ2;10;46;2;Calvin Klein Jeans;Одежда;Леггинсы;94% Органический хлопок, 6% Эластан;ДЖУНИОР РЕПАБЛИК ООО;Calvin Klein Europe B.V.;БАНГЛАДЕШ;;3818.322;;1;;2;
48;IG0IG00559*PZ2*12;PZ2;12;46;2;Calvin Klein Jeans;Одежда;Леггинсы;94% Органический хлопок, 6% Эластан;ДЖУНИОР РЕПАБЛИК ООО;Calvin Klein Europe B.V.;БАНГЛАДЕШ;;3818.322;;1;;2;
49;IG0IG00559*PZ2*14;PZ2;14;46;2;Calvin Klein Jeans;Одежда;Леггинсы;94% Органический хлопок, 6% Эластан;ДЖУНИОР РЕПАБЛИК ООО;Calvin Klein Europe B.V.;БАНГЛАДЕШ;;3818.322;;1;;2;
50;IG0IG00559*PZ2*16;PZ2;16;46;2;Calvin Klein Jeans;Одежда;Леггинсы;94% Органический хлопок, 6% Эластан;ДЖУНИОР РЕПАБЛИК ООО;Calvin Klein Europe B.V.;БАНГЛАДЕШ;;3818.322;;1;;2;
51;IG0IG00559*BEH*12;BEH;12;44;2;Calvin Klein Jeans;Одежда;Леггинсы;94% Органический хлопок, 6% Эластан;ДЖУНИОР РЕПАБЛИК ООО;Calvin Klein Europe B.V.;БАНГЛАДЕШ;;3818.322;;1;;2;
52;IG0IG00559*BEH*14;BEH;14;44;2;Calvin Klein Jeans;Одежда;Леггинсы;94% Органический хлопок, 6% Эластан;ДЖУНИОР РЕПАБЛИК ООО;Calvin Klein Europe B.V.;БАНГЛАДЕШ;;3818.322;;1;;2;
53;IG0IG00559*BEH*16;BEH;16;44;2;Calvin Klein Jeans;Одежда;Леггинсы;94% Органический хлопок, 6% Эластан;ДЖУНИОР РЕПАБЛИК ООО;Calvin Klein Europe B.V.;БАНГЛАДЕШ;;3818.322;;1;;2;
54;IG0IG00630*0GJ*8;0GJ;8;;2;Calvin Klein Jeans;Одежда;Брюки спортивные;50% Хлопок, 50% Полиэстер;ДЖУНИОР РЕПАБЛИК ООО;Calvin Klein Europe B.V.;ТУРЦИЯ;4;8909.418;;1;;2;
55;IG0IG00630*0GJ*10;0GJ;10;54;2;Calvin Klein Jeans;Одежда;Брюки спортивные;50% Хлопок, 50% Полиэстер;ДЖУНИОР РЕПАБЛИК ООО;Calvin Klein Europe B.V.;ТУРЦИЯ;;8909.418;;1;;2;
56;IG0IG00630*0GJ*12;0GJ;12;54;2;Calvin Klein Jeans;Одежда;Брюки спортивные;50% Хлопок, 50% Полиэстер;ДЖУНИОР РЕПАБЛИК ООО;Calvin Klein Europe B.V.;ТУРЦИЯ;;8909.418;;1;;2;
57;IG0IG00630*0GJ*14;0GJ;14;54;2;Calvin Klein Jeans;Одежда;Брюки спортивные;50% Хлопок, 50% Полиэстер;ДЖУНИОР РЕПАБЛИК ООО;Calvin Klein Europe B.V.;ТУРЦИЯ;;8909.418;;1;;2;
58;IG0IG00630*0GJ*16;0GJ;16;54;2;Calvin Klein Jeans;Одежда;Брюки спортивные;50% Хлопок, 50% Полиэстер;ДЖУНИОР РЕПАБЛИК ООО;Calvin Klein Europe B.V.;ТУРЦИЯ;;8909.418;;1;;2;
59;IB0IB00535*BEH*10;BEH;10;63;1;Calvin Klein Jeans;Одежда;Поло;100% Органический хлопок;ДЖУНИОР РЕПАБЛИК ООО;Calvin Klein Europe B.V.;ТУРЦИЯ;;7636.644;;1;;2;
60;IB0IB00535*BEH*12;BEH;12;63;1;Calvin Klein Jeans;Одежда;Поло;100% Органический хлопок;ДЖУНИОР РЕПАБЛИК ООО;Calvin Klein Europe B.V.;ТУРЦИЯ;;7636.644;;1;;2;
61;IB0IB00535*BEH*14;BEH;14;63;1;Calvin Klein Jeans;Одежда;Поло;100% Органический хлопок;ДЖУНИОР РЕПАБЛИК ООО;Calvin Klein Europe B.V.;ТУРЦИЯ;;7636.644;;1;;2;
62;IB0IB00535*BEH*16;BEH;16;63;1;Calvin Klein Jeans;Одежда;Поло;100% Органический хлопок;ДЖУНИОР РЕПАБЛИК ООО;Calvin Klein Europe B.V.;ТУРЦИЯ;;7636.644;;1;;2;
63;IB0IB00535*BEH*8;BEH;8;;1;Calvin Klein Jeans;Одежда;Поло;100% Органический хлопок;ДЖУНИОР РЕПАБЛИК ООО;Calvin Klein Europe B.V.;ТУРЦИЯ;5;7636.644;;1;;2;
64;IB0IB00347*PNR*8;PNR;8;;1;Calvin Klein Jeans;Одежда;Футболка с коротким рукавом;100% Органический хлопок;ДЖУНИОР РЕПАБЛИК ООО;Calvin Klein Europe B.V.;ШРИ-ЛАНКА;5;3181.935;;1;;2;
65;IB0IB00347*PNR*12;PNR;12;64;1;Calvin Klein Jeans;Одежда;Футболка с коротким рукавом;100% Органический хлопок;ДЖУНИОР РЕПАБЛИК ООО;Calvin Klein Europe B.V.;ШРИ-ЛАНКА;;3181.935;;1;;2;
66;IB0IB00347*PNR*10;PNR;10;64;1;Calvin Klein Jeans;Одежда;Футболка с коротким рукавом;100% Органический хлопок;ДЖУНИОР РЕПАБЛИК ООО;Calvin Klein Europe B.V.;ШРИ-ЛАНКА;;3181.935;;1;;2;
67;IB0IB00521*BEH*10;BEH;10;75;1;Calvin Klein Jeans;Одежда;Футболка с коротким рукавом;100% Органический хлопок;ДЖУНИОР РЕПАБЛИК ООО;Calvin Klein Europe B.V.;ШРИ-ЛАНКА;;3818.322;;1;;2;
68;IB0IB00521*BEH*12;BEH;12;75;1;Calvin Klein Jeans;Одежда;Футболка с коротким рукавом;100% Органический хлопок;ДЖУНИОР РЕПАБЛИК ООО;Calvin Klein Europe B.V.;ШРИ-ЛАНКА;;3818.322;;1;;2;
69;IB0IB00521*BEH*14;BEH;14;75;1;Calvin Klein Jeans;Одежда;Футболка с коротким рукавом;100% Органический хлопок;ДЖУНИОР РЕПАБЛИК ООО;Calvin Klein Europe B.V.;ШРИ-ЛАНКА;;3818.322;;1;;2;
70;IB0IB00521*BEH*16;BEH;16;75;1;Calvin Klein Jeans;Одежда;Футболка с коротким рукавом;100% Органический хлопок;ДЖУНИОР РЕПАБЛИК ООО;Calvin Klein Europe B.V.;ШРИ-ЛАНКА;;3818.322;;1;;2;
71;IB0IB00456*YAF*12;YAF;12;86;1;Calvin Klein Jeans;Одежда;Футболка с коротким рукавом;100% Органический хлопок;ДЖУНИОР РЕПАБЛИК ООО;Calvin Klein Europe B.V.;ШРИ-ЛАНКА;;3181.935;;1;;2;
72;IB0IB00456*YAF*10;YAF;10;86;1;Calvin Klein Jeans;Одежда;Футболка с коротким рукавом;100% Органический хлопок;ДЖУНИОР РЕПАБЛИК ООО;Calvin Klein Europe B.V.;ШРИ-ЛАНКА;;3181.935;;1;;2;
73;IB0IB00456*YAF*16;YAF;16;86;1;Calvin Klein Jeans;Одежда;Футболка с коротким рукавом;100% Органический хлопок;ДЖУНИОР РЕПАБЛИК ООО;Calvin Klein Europe B.V.;ШРИ-ЛАНКА;;3181.935;;1;;2;
74;IB0IB00456*YAF*14;YAF;14;86;1;Calvin Klein Jeans;Одежда;Футболка с коротким рукавом;100% Органический хлопок;ДЖУНИОР РЕПАБЛИК ООО;Calvin Klein Europe B.V.;ШРИ-ЛАНКА;;3181.935;;1;;2;
75;IB0IB00521*BEH*8;BEH;8;;1;Calvin Klein Jeans;Одежда;Футболка с коротким рукавом;100% Органический хлопок;ДЖУНИОР РЕПАБЛИК ООО;Calvin Klein Europe B.V.;ШРИ-ЛАНКА;5;3818.322;;1;;2;
76;IB0IB00528*YAF*16;YAF;16;91;1;Calvin Klein Jeans;Одежда;Футболка с длинным рукавом;100% Органический хлопок;ДЖУНИОР РЕПАБЛИК ООО;Calvin Klein Europe B.V.;БАНГЛАДЕШ;;4454.709;;1;;2;
77;IB0IB00528*YAF*14;YAF;14;91;1;Calvin Klein Jeans;Одежда;Футболка с длинным рукавом;100% Органический хлопок;ДЖУНИОР РЕПАБЛИК ООО;Calvin Klein Europe B.V.;БАНГЛАДЕШ;;4454.709;;1;;2;
78;IB0IB00528*YAF*12;YAF;12;91;1;Calvin Klein Jeans;Одежда;Футболка с длинным рукавом;100% Органический хлопок;ДЖУНИОР РЕПАБЛИК ООО;Calvin Klein Europe B.V.;БАНГЛАДЕШ;;4454.709;;1;;2;
79;IG0IG00564*YAF*10;YAF;10;95;2;Calvin Klein Jeans;Одежда;Футболка с коротким рукавом;100% Органический хлопок;ДЖУНИОР РЕПАБЛИК ООО;Calvin Klein Europe B.V.;БАНГЛАДЕШ;;5091.096;;1;;2;
80;IG0IG00564*YAF*12;YAF;12;95;2;Calvin Klein Jeans;Одежда;Футболка с коротким рукавом;100% Органический хлопок;ДЖУНИОР РЕПАБЛИК ООО;Calvin Klein Europe B.V.;БАНГЛАДЕШ;;5091.096;;1;;2;
81;IG0IG00564*YAF*14;YAF;14;95;2;Calvin Klein Jeans;Одежда;Футболка с коротким рукавом;100% Органический хлопок;ДЖУНИОР РЕПАБЛИК ООО;Calvin Klein Europe B.V.;БАНГЛАДЕШ;;5091.096;;1;;2;
82;IG0IG00564*YAF*16;YAF;16;95;2;Calvin Klein Jeans;Одежда;Футболка с коротким рукавом;100% Органический хлопок;ДЖУНИОР РЕПАБЛИК ООО;Calvin Klein Europe B.V.;БАНГЛАДЕШ;;5091.096;;1;;2;
83;IB0IB00528*YAF*10;YAF;10;91;1;Calvin Klein Jeans;Одежда;Футболка с длинным рукавом;100% Органический хлопок;ДЖУНИОР РЕПАБЛИК ООО;Calvin Klein Europe B.V.;БАНГЛАДЕШ;;4454.709;;1;;2;
84;IB0IB00347*PNR*14;PNR;14;64;1;Calvin Klein Jeans;Одежда;Футболка с коротким рукавом;100% Органический хлопок;ДЖУНИОР РЕПАБЛИК ООО;Calvin Klein Europe B.V.;ШРИ-ЛАНКА;;3181.935;;1;;2;
85;IB0IB00347*PNR*16;PNR;16;64;1;Calvin Klein Jeans;Одежда;Футболка с коротким рукавом;100% Органический хлопок;ДЖУНИОР РЕПАБЛИК ООО;Calvin Klein Europe B.V.;ШРИ-ЛАНКА;;3181.935;;1;;2;
86;IB0IB00456*YAF*8;YAF;8;;1;Calvin Klein Jeans;Одежда;Футболка с коротким рукавом;100% Органический хлопок;ДЖУНИОР РЕПАБЛИК ООО;Calvin Klein Europe B.V.;ШРИ-ЛАНКА;5;3181.935;;1;;2;
87;IB0IB00457*ZGT*8;ZGT;8;;1;Calvin Klein Jeans;Одежда;Футболка с коротким рукавом;100% Органический хлопок;ДЖУНИОР РЕПАБЛИК ООО;Calvin Klein Europe B.V.;БАНГЛАДЕШ;0;3181.935;;1;;2;
88;IB0IB00457*ZGT*12;ZGT;12;87;1;Calvin Klein Jeans;Одежда;Футболка с коротким рукавом;100% Органический хлопок;ДЖУНИОР РЕПАБЛИК ООО;Calvin Klein Europe B.V.;БАНГЛАДЕШ;;3181.935;;1;;2;
89;IB0IB00457*ZGT*14;ZGT;14;87;1;Calvin Klein Jeans;Одежда;Футболка с коротким рукавом;100% Органический хлопок;ДЖУНИОР РЕПАБЛИК ООО;Calvin Klein Europe B.V.;БАНГЛАДЕШ;;3181.935;;1;;2;
90;IB0IB00457*ZGT*16;ZGT;16;87;1;Calvin Klein Jeans;Одежда;Футболка с коротким рукавом;100% Органический хлопок;ДЖУНИОР РЕПАБЛИК ООО;Calvin Klein Europe B.V.;БАНГЛАДЕШ;;3181.935;;1;;2;
91;IB0IB00528*YAF*8;YAF;8;;1;Calvin Klein Jeans;Одежда;Футболка с длинным рукавом;100% Органический хлопок;ДЖУНИОР РЕПАБЛИК ООО;Calvin Klein Europe B.V.;БАНГЛАДЕШ;6;4454.709;;1;;2;
92;IG0IG00560*0GJ*10;0GJ;10;96;2;Calvin Klein Jeans;Одежда;Футболка с длинным рукавом;94% Органический хлопок, 6% Эластан;ДЖУНИОР РЕПАБЛИК ООО;Calvin Klein Europe B.V.;БАНГЛАДЕШ;;5091.096;;1;;2;
93;IG0IG00560*0GJ*12;0GJ;12;96;2;Calvin Klein Jeans;Одежда;Футболка с длинным рукавом;94% Органический хлопок, 6% Эластан;ДЖУНИОР РЕПАБЛИК ООО;Calvin Klein Europe B.V.;БАНГЛАДЕШ;;5091.096;;1;;2;
94;IB0IB00457*ZGT*10;ZGT;10;87;1;Calvin Klein Jeans;Одежда;Футболка с коротким рукавом;100% Органический хлопок;ДЖУНИОР РЕПАБЛИК ООО;Calvin Klein Europe B.V.;БАНГЛАДЕШ;;3181.935;;1;;2;
95;IG0IG00564*YAF*8;YAF;8;;2;Calvin Klein Jeans;Одежда;Футболка с коротким рукавом;100% Органический хлопок;ДЖУНИОР РЕПАБЛИК ООО;Calvin Klein Europe B.V.;БАНГЛАДЕШ;0;5091.096;;1;;2;
96;IG0IG00560*0GJ*8;0GJ;8;;2;Calvin Klein Jeans;Одежда;Футболка с длинным рукавом;94% Органический хлопок, 6% Эластан;ДЖУНИОР РЕПАБЛИК ООО;Calvin Klein Europe B.V.;БАНГЛАДЕШ;5;5091.096;;1;;2;
97;IG0IG00560*0GJ*14;0GJ;14;96;2;Calvin Klein Jeans;Одежда;Футболка с длинным рукавом;94% Органический хлопок, 6% Эластан;ДЖУНИОР РЕПАБЛИК ООО;Calvin Klein Europe B.V.;БАНГЛАДЕШ;;5091.096;;1;;2;
98;IG0IG00560*0GJ*16;0GJ;16;96;2;Calvin Klein Jeans;Одежда;Футболка с длинным рукавом;94% Органический хлопок, 6% Эластан;ДЖУНИОР РЕПАБЛИК ООО;Calvin Klein Europe B.V.;БАНГЛАДЕШ;;5091.096;;1;;2;
99;IB0IB00456*C65*8;C65;8;;1;Calvin Klein Jeans;Одежда;Футболка с коротким рукавом;100% Органический хлопок;ДЖУНИОР РЕПАБЛИК ООО;Calvin Klein Europe B.V.;ШРИ-ЛАНКА;0;3181.935;;1;;2;
100;IB0IB00456*C65*12;C65;12;99;1;Calvin Klein Jeans;Одежда;Футболка с коротким рукавом;100% Органический хлопок;ДЖУНИОР РЕПАБЛИК ООО;Calvin Klein Europe B.V.;ШРИ-ЛАНКА;;3181.935;;1;;2;
101;IB0IB00456*C65*14;C65;14;99;1;Calvin Klein Jeans;Одежда;Футболка с коротким рукавом;100% Органический хлопок;ДЖУНИОР РЕПАБЛИК ООО;Calvin Klein Europe B.V.;ШРИ-ЛАНКА;;3181.935;;1;;2;
102;IB0IB00456*C65*16;C65;16;99;1;Calvin Klein Jeans;Одежда;Футболка с коротким рукавом;100% Органический хлопок;ДЖУНИОР РЕПАБЛИК ООО;Calvin Klein Europe B.V.;ШРИ-ЛАНКА;;3181.935;;1;;2;
103;IG0IG00615*BEH*14;BEH;14;111;2;Calvin Klein Jeans;Одежда;Футболка с коротким рукавом;100% Органический хлопок;ДЖУНИОР РЕПАБЛИК ООО;Calvin Klein Europe B.V.;ШРИ-ЛАНКА;;3181.935;;1;;2;
104;IG0IG00615*BEH*16;BEH;16;111;2;Calvin Klein Jeans;Одежда;Футболка с коротким рукавом;100% Органический хлопок;ДЖУНИОР РЕПАБЛИК ООО;Calvin Klein Europe B.V.;ШРИ-ЛАНКА;;3181.935;;1;;2;
105;IB0IB00456*C65*10;C65;10;99;1;Calvin Klein Jeans;Одежда;Футболка с коротким рукавом;100% Органический хлопок;ДЖУНИОР РЕПАБЛИК ООО;Calvin Klein Europe B.V.;ШРИ-ЛАНКА;;3181.935;;1;;2;
106;IG0IG00562*YAF*8;YAF;8;;2;Calvin Klein Jeans;Одежда;Футболка с длинным рукавом;100% Органический хлопок;ДЖУНИОР РЕПАБЛИК ООО;Calvin Klein Europe B.V.;ШРИ-ЛАНКА;5;5091.096;;1;;2;
107;IG0IG00562*YAF*10;YAF;10;106;2;Calvin Klein Jeans;Одежда;Футболка с длинным рукавом;100% Органический хлопок;ДЖУНИОР РЕПАБЛИК ООО;Calvin Klein Europe B.V.;ШРИ-ЛАНКА;;5091.096;;1;;2;
108;IG0IG00562*YAF*12;YAF;12;106;2;Calvin Klein Jeans;Одежда;Футболка с длинным рукавом;100% Органический хлопок;ДЖУНИОР РЕПАБЛИК ООО;Calvin Klein Europe B.V.;ШРИ-ЛАНКА;;5091.096;;1;;2;
109;IG0IG00562*YAF*14;YAF;14;106;2;Calvin Klein Jeans;Одежда;Футболка с длинным рукавом;100% Органический хлопок;ДЖУНИОР РЕПАБЛИК ООО;Calvin Klein Europe B.V.;ШРИ-ЛАНКА;;5091.096;;1;;2;
110;IG0IG00562*YAF*16;YAF;16;106;2;Calvin Klein Jeans;Одежда;Футболка с длинным рукавом;100% Органический хлопок;ДЖУНИОР РЕПАБЛИК ООО;Calvin Klein Europe B.V.;ШРИ-ЛАНКА;;5091.096;;1;;2;
111;IG0IG00615*BEH*8;BEH;8;;2;Calvin Klein Jeans;Одежда;Футболка с коротким рукавом;100% Органический хлопок;ДЖУНИОР РЕПАБЛИК ООО;Calvin Klein Europe B.V.;ШРИ-ЛАНКА;5;3181.935;;1;;2;
112;IG0IG00615*BEH*10;BEH;10;111;2;Calvin Klein Jeans;Одежда;Футболка с коротким рукавом;100% Органический хлопок;ДЖУНИОР РЕПАБЛИК ООО;Calvin Klein Europe B.V.;ШРИ-ЛАНКА;;3181.935;;1;;2;
113;IG0IG00615*BEH*12;BEH;12;111;2;Calvin Klein Jeans;Одежда;Футболка с коротким рукавом;100% Органический хлопок;ДЖУНИОР РЕПАБЛИК ООО;Calvin Klein Europe B.V.;ШРИ-ЛАНКА;;3181.935;;1;;2;
114;IB0IB00537*0GM*10;0GM;10;128;1;Calvin Klein Jeans;Одежда;Свитер;100% Органический хлопок;ДЖУНИОР РЕПАБЛИК ООО;Calvin Klein Europe B.V.;КИТАЙ;;9545.805;;1;;2;
115;IB0IB00537*0GM*12;0GM;12;128;1;Calvin Klein Jeans;Одежда;Свитер;100% Органический хлопок;ДЖУНИОР РЕПАБЛИК ООО;Calvin Klein Europe B.V.;КИТАЙ;;9545.805;;1;;2;
116;IB0IB00537*0GM*14;0GM;14;128;1;Calvin Klein Jeans;Одежда;Свитер;100% Органический хлопок;ДЖУНИОР РЕПАБЛИК ООО;Calvin Klein Europe B.V.;КИТАЙ;;9545.805;;1;;2;
117;IB0IB00537*0GM*16;0GM;16;128;1;Calvin Klein Jeans;Одежда;Свитер;100% Органический хлопок;ДЖУНИОР РЕПАБЛИК ООО;Calvin Klein Europe B.V.;КИТАЙ;;9545.805;;1;;2;
118;IB0IB00539*PZ2*12;PZ2;12;136;1;Calvin Klein Jeans;Одежда;Свитер;100% Органический хлопок;ДЖУНИОР РЕПАБЛИК ООО;Calvin Klein Europe B.V.;КИТАЙ;;8909.418;;1;;2;
119;IB0IB00539*PZ2*14;PZ2;14;136;1;Calvin Klein Jeans;Одежда;Свитер;100% Органический хлопок;ДЖУНИОР РЕПАБЛИК ООО;Calvin Klein Europe B.V.;КИТАЙ;;8909.418;;1;;2;
120;IB0IB00539*PZ2*16;PZ2;16;136;1;Calvin Klein Jeans;Одежда;Свитер;100% Органический хлопок;ДЖУНИОР РЕПАБЛИК ООО;Calvin Klein Europe B.V.;КИТАЙ;;8909.418;;1;;2;
121;IB0IB00548*0GN*10;0GN;10;129;1;Calvin Klein Jeans;Одежда;Толстовка-свитшот;100% Органический хлопок;ДЖУНИОР РЕПАБЛИК ООО;Calvin Klein Europe B.V.;ПОРТУГАЛИЯ;;8909.418;;1;;2;
122;IB0IB00548*0GN*12;0GN;12;129;1;Calvin Klein Jeans;Одежда;Толстовка-свитшот;100% Органический хлопок;ДЖУНИОР РЕПАБЛИК ООО;Calvin Klein Europe B.V.;ПОРТУГАЛИЯ;;8909.418;;1;;2;
123;IB0IB00548*0GN*14;0GN;14;129;1;Calvin Klein Jeans;Одежда;Толстовка-свитшот;100% Органический хлопок;ДЖУНИОР РЕПАБЛИК ООО;Calvin Klein Europe B.V.;ПОРТУГАЛИЯ;;8909.418;;1;;2;
124;IB0IB00548*0GN*16;0GN;16;129;1;Calvin Klein Jeans;Одежда;Толстовка-свитшот;100% Органический хлопок;ДЖУНИОР РЕПАБЛИК ООО;Calvin Klein Europe B.V.;ПОРТУГАЛИЯ;;8909.418;;1;;2;
125;IB0IB00566*LFH*12;LFH;12;138;1;Calvin Klein Jeans;Одежда;Толстовка-свитшот;100% Органический хлопок;ДЖУНИОР РЕПАБЛИК ООО;Calvin Klein Europe B.V.;ТУРЦИЯ;;9545.805;;1;;2;
126;IB0IB00566*LFH*14;LFH;14;138;1;Calvin Klein Jeans;Одежда;Толстовка-свитшот;100% Органический хлопок;ДЖУНИОР РЕПАБЛИК ООО;Calvin Klein Europe B.V.;ТУРЦИЯ;;9545.805;;1;;2;
127;IB0IB00566*LFH*16;LFH;16;138;1;Calvin Klein Jeans;Одежда;Толстовка-свитшот;100% Органический хлопок;ДЖУНИОР РЕПАБЛИК ООО;Calvin Klein Europe B.V.;ТУРЦИЯ;;9545.805;;1;;2;
128;IB0IB00537*0GM*8;0GM;8;;1;Calvin Klein Jeans;Одежда;Свитер;100% Органический хлопок;ДЖУНИОР РЕПАБЛИК ООО;Calvin Klein Europe B.V.;КИТАЙ;5;9545.805;;1;;2;
129;IB0IB00548*0GN*8;0GN;8;;1;Calvin Klein Jeans;Одежда;Толстовка-свитшот;100% Органический хлопок;ДЖУНИОР РЕПАБЛИК ООО;Calvin Klein Europe B.V.;ПОРТУГАЛИЯ;5;8909.418;;1;;2;
130;IB0IB00566*LFH*10;LFH;10;138;1;Calvin Klein Jeans;Одежда;Толстовка-свитшот;100% Органический хлопок;ДЖУНИОР РЕПАБЛИК ООО;Calvin Klein Europe B.V.;ТУРЦИЯ;;9545.805;;1;;2;
131;IB0IB00547*PNR*16;PNR;16;135;1;Calvin Klein Jeans;Одежда;Толстовка-свитшот;100 Хлопок;ДЖУНИОР РЕПАБЛИК ООО;Calvin Klein Europe B.V.;ИНДИЯ;;7636.644;;1;;2;
132;IB0IB00547*PNR*14;PNR;14;135;1;Calvin Klein Jeans;Одежда;Толстовка-свитшот;100 Хлопок;ДЖУНИОР РЕПАБЛИК ООО;Calvin Klein Europe B.V.;ИНДИЯ;;7636.644;;1;;2;
133;IB0IB00547*PNR*10;PNR;10;135;1;Calvin Klein Jeans;Одежда;Толстовка-свитшот;100 Хлопок;ДЖУНИОР РЕПАБЛИК ООО;Calvin Klein Europe B.V.;ИНДИЯ;;7636.644;;1;;2;
134;IB0IB00547*PNR*12;PNR;12;135;1;Calvin Klein Jeans;Одежда;Толстовка-свитшот;100 Хлопок;ДЖУНИОР РЕПАБЛИК ООО;Calvin Klein Europe B.V.;ИНДИЯ;;7636.644;;1;;2;
135;IB0IB00547*PNR*8;PNR;8;;1;Calvin Klein Jeans;Одежда;Толстовка-свитшот;100 Хлопок;ДЖУНИОР РЕПАБЛИК ООО;Calvin Klein Europe B.V.;ИНДИЯ;4;7636.644;;1;;2;
136;IB0IB00539*PZ2*8;PZ2;8;;1;Calvin Klein Jeans;Одежда;Свитер;100% Органический хлопок;ДЖУНИОР РЕПАБЛИК ООО;Calvin Klein Europe B.V.;КИТАЙ;5;8909.418;;1;;2;
137;IB0IB00539*PZ2*10;PZ2;10;136;1;Calvin Klein Jeans;Одежда;Свитер;100% Органический хлопок;ДЖУНИОР РЕПАБЛИК ООО;Calvin Klein Europe B.V.;КИТАЙ;;8909.418;;1;;2;
138;IB0IB00566*LFH*8;LFH;8;;1;Calvin Klein Jeans;Одежда;Толстовка-свитшот;100% Органический хлопок;ДЖУНИОР РЕПАБЛИК ООО;Calvin Klein Europe B.V.;ТУРЦИЯ;5;9545.805;;1;;2;
139;IG0IG00580*TPH*8;TPH;8;;2;Calvin Klein Jeans;Одежда;Толстовка-свитшот;100% Органический хлопок;ДЖУНИОР РЕПАБЛИК ООО;Calvin Klein Europe B.V.;ПОРТУГАЛИЯ;5;8909.418;;1;;2;
140;IG0IG00580*TPH*10;TPH;10;139;2;Calvin Klein Jeans;Одежда;Толстовка-свитшот;100% Органический хлопок;ДЖУНИОР РЕПАБЛИК ООО;Calvin Klein Europe B.V.;ПОРТУГАЛИЯ;;8909.418;;1;;2;
141;IG0IG00582*BEH*8;BEH;8;;2;Calvin Klein Jeans;Одежда;Толстовка-свитшот;92% Хлопок, 8% Эластан;ДЖУНИОР РЕПАБЛИК ООО;Calvin Klein Europe B.V.;ПОРТУГАЛИЯ;4;8273.031;;1;;2;
142;IG0IG00582*BEH*10;BEH;10;141;2;Calvin Klein Jeans;Одежда;Толстовка-свитшот;92% Хлопок, 8% Эластан;ДЖУНИОР РЕПАБЛИК ООО;Calvin Klein Europe B.V.;ПОРТУГАЛИЯ;;8273.031;;1;;2;
143;IG0IG00580*XND*10;XND;10;179;2;Calvin Klein Jeans;Одежда;Толстовка-свитшот;100% Органический хлопок;ДЖУНИОР РЕПАБЛИК ООО;Calvin Klein Europe B.V.;ПОРТУГАЛИЯ;;8909.418;;1;;2;
144;IG0IG00580*XND*12;XND;12;179;2;Calvin Klein Jeans;Одежда;Толстовка-свитшот;100% Органический хлопок;ДЖУНИОР РЕПАБЛИК ООО;Calvin Klein Europe B.V.;ПОРТУГАЛИЯ;;8909.418;;1;;2;
145;IU0IU00163*TPH*8;TPH;8;;3;Calvin Klein Jeans;Одежда;Толстовка c капюшоном;100% Органический хлопок;ДЖУНИОР РЕПАБЛИК ООО;Calvin Klein Europe B.V.;ПОРТУГАЛИЯ;9;8273.031;;1;;2;
146;IU0IU00163*TPH*10;TPH;10;145;3;Calvin Klein Jeans;Одежда;Толстовка c капюшоном;100% Органический хлопок;ДЖУНИОР РЕПАБЛИК ООО;Calvin Klein Europe B.V.;ПОРТУГАЛИЯ;;8273.031;;1;;2;
147;IG0IG00580*TPH*12;TPH;12;139;2;Calvin Klein Jeans;Одежда;Толстовка-свитшот;100% Органический хлопок;ДЖУНИОР РЕПАБЛИК ООО;Calvin Klein Europe B.V.;ПОРТУГАЛИЯ;;8909.418;;1;;2;
148;IG0IG00580*TPH*14;TPH;14;139;2;Calvin Klein Jeans;Одежда;Толстовка-свитшот;100% Органический хлопок;ДЖУНИОР РЕПАБЛИК ООО;Calvin Klein Europe B.V.;ПОРТУГАЛИЯ;;8909.418;;1;;2;
149;IG0IG00580*TPH*16;TPH;16;139;2;Calvin Klein Jeans;Одежда;Толстовка-свитшот;100% Органический хлопок;ДЖУНИОР РЕПАБЛИК ООО;Calvin Klein Europe B.V.;ПОРТУГАЛИЯ;;8909.418;;1;;2;
150;IG0IG00582*BEH*12;BEH;12;141;2;Calvin Klein Jeans;Одежда;Толстовка-свитшот;92% Хлопок, 8% Эластан;ДЖУНИОР РЕПАБЛИК ООО;Calvin Klein Europe B.V.;ПОРТУГАЛИЯ;;8273.031;;1;;2;
151;IG0IG00582*BEH*14;BEH;14;141;2;Calvin Klein Jeans;Одежда;Толстовка-свитшот;92% Хлопок, 8% Эластан;ДЖУНИОР РЕПАБЛИК ООО;Calvin Klein Europe B.V.;ПОРТУГАЛИЯ;;8273.031;;1;;2;
152;IG0IG00582*BEH*16;BEH;16;141;2;Calvin Klein Jeans;Одежда;Толстовка-свитшот;92% Хлопок, 8% Эластан;ДЖУНИОР РЕПАБЛИК ООО;Calvin Klein Europe B.V.;ПОРТУГАЛИЯ;;8273.031;;1;;2;
153;IG0IG00576*BEH*12;BEH;12;173;2;Calvin Klein Jeans;Одежда;Толстовка-свитшот;100% Органический хлопок;ДЖУНИОР РЕПАБЛИК ООО;Calvin Klein Europe B.V.;КИТАЙ;;10182.192;;1;;2;
154;IG0IG00576*BEH*14;BEH;14;173;2;Calvin Klein Jeans;Одежда;Толстовка-свитшот;100% Органический хлопок;ДЖУНИОР РЕПАБЛИК ООО;Calvin Klein Europe B.V.;КИТАЙ;;10182.192;;1;;2;
155;IG0IG00576*BEH*16;BEH;16;173;2;Calvin Klein Jeans;Одежда;Толстовка-свитшот;100% Органический хлопок;ДЖУНИОР РЕПАБЛИК ООО;Calvin Klein Europe B.V.;КИТАЙ;;10182.192;;1;;2;
156;IG0IG00581*YAF*10;YAF;10;183;2;Calvin Klein Jeans;Одежда;Толстовка-свитшот;100% Органический хлопок;ДЖУНИОР РЕПАБЛИК ООО;Calvin Klein Europe B.V.;ТУРЦИЯ;;8273.031;;1;;2;
157;IG0IG00581*YAF*12;YAF;12;183;2;Calvin Klein Jeans;Одежда;Толстовка-свитшот;100% Органический хлопок;ДЖУНИОР РЕПАБЛИК ООО;Calvin Klein Europe B.V.;ТУРЦИЯ;;8273.031;;1;;2;
158;IG0IG00581*YAF*14;YAF;14;183;2;Calvin Klein Jeans;Одежда;Толстовка-свитшот;100% Органический хлопок;ДЖУНИОР РЕПАБЛИК ООО;Calvin Klein Europe B.V.;ТУРЦИЯ;;8273.031;;1;;2;
159;IG0IG00581*YAF*16;YAF;16;183;2;Calvin Klein Jeans;Одежда;Толстовка-свитшот;100% Органический хлопок;ДЖУНИОР РЕПАБЛИК ООО;Calvin Klein Europe B.V.;ТУРЦИЯ;;8273.031;;1;;2;
160;IG0IG00575*BEH*8;BEH;8;;2;Calvin Klein Jeans;Одежда;Толстовка-свитшот;100% Органический хлопок;ДЖУНИОР РЕПАБЛИК ООО;Calvin Klein Europe B.V.;КИТАЙ;0;9545.805;;1;;2;
161;IG0IG00575*BEH*10;BEH;10;160;2;Calvin Klein Jeans;Одежда;Толстовка-свитшот;100% Органический хлопок;ДЖУНИОР РЕПАБЛИК ООО;Calvin Klein Europe B.V.;КИТАЙ;;9545.805;;1;;2;
162;IG0IG00575*BEH*12;BEH;12;160;2;Calvin Klein Jeans;Одежда;Толстовка-свитшот;100% Органический хлопок;ДЖУНИОР РЕПАБЛИК ООО;Calvin Klein Europe B.V.;КИТАЙ;;9545.805;;1;;2;
163;IG0IG00575*BEH*14;BEH;14;160;2;Calvin Klein Jeans;Одежда;Толстовка-свитшот;100% Органический хлопок;ДЖУНИОР РЕПАБЛИК ООО;Calvin Klein Europe B.V.;КИТАЙ;;9545.805;;1;;2;
164;IG0IG00575*BEH*16;BEH;16;160;2;Calvin Klein Jeans;Одежда;Толстовка-свитшот;100% Органический хлопок;ДЖУНИОР РЕПАБЛИК ООО;Calvin Klein Europe B.V.;КИТАЙ;;9545.805;;1;;2;
165;IG0IG00576*BEH*10;BEH;10;173;2;Calvin Klein Jeans;Одежда;Толстовка-свитшот;100% Органический хлопок;ДЖУНИОР РЕПАБЛИК ООО;Calvin Klein Europe B.V.;КИТАЙ;;10182.192;;1;;2;
166;IG0IG00580*XND*16;XND;16;179;2;Calvin Klein Jeans;Одежда;Толстовка-свитшот;100% Органический хлопок;ДЖУНИОР РЕПАБЛИК ООО;Calvin Klein Europe B.V.;ПОРТУГАЛИЯ;;8909.418;;1;;2;
167;IG0IG00580*XND*14;XND;14;179;2;Calvin Klein Jeans;Одежда;Толстовка-свитшот;100% Органический хлопок;ДЖУНИОР РЕПАБЛИК ООО;Calvin Klein Europe B.V.;ПОРТУГАЛИЯ;;8909.418;;1;;2;
168;IG0IG00579*YAF*8;YAF;8;;2;Calvin Klein Jeans;Одежда;Толстовка-свитшот;83% хлопок, 15% полиэстер, 2% эластан;ДЖУНИОР РЕПАБЛИК ООО;Calvin Klein Europe B.V.;ПОРТУГАЛИЯ;4;10182.192;;1;;2;
169;IG0IG00579*YAF*10;YAF;10;168;2;Calvin Klein Jeans;Одежда;Толстовка-свитшот;83% хлопок, 15% полиэстер, 2% эластан;ДЖУНИОР РЕПАБЛИК ООО;Calvin Klein Europe B.V.;ПОРТУГАЛИЯ;;10182.192;;1;;2;
170;IG0IG00579*YAF*12;YAF;12;168;2;Calvin Klein Jeans;Одежда;Толстовка-свитшот;83% хлопок, 15% полиэстер, 2% эластан;ДЖУНИОР РЕПАБЛИК ООО;Calvin Klein Europe B.V.;ПОРТУГАЛИЯ;;10182.192;;1;;2;
171;IG0IG00579*YAF*14;YAF;14;168;2;Calvin Klein Jeans;Одежда;Толстовка-свитшот;83% хлопок, 15% полиэстер, 2% эластан;ДЖУНИОР РЕПАБЛИК ООО;Calvin Klein Europe B.V.;ПОРТУГАЛИЯ;;10182.192;;1;;2;
172;IG0IG00579*YAF*16;YAF;16;168;2;Calvin Klein Jeans;Одежда;Толстовка-свитшот;83% хлопок, 15% полиэстер, 2% эластан;ДЖУНИОР РЕПАБЛИК ООО;Calvin Klein Europe B.V.;ПОРТУГАЛИЯ;;10182.192;;1;;2;
173;IG0IG00576*BEH*8;BEH;8;;2;Calvin Klein Jeans;Одежда;Толстовка-свитшот;100% Органический хлопок;ДЖУНИОР РЕПАБЛИК ООО;Calvin Klein Europe B.V.;КИТАЙ;5;10182.192;;1;;2;
174;IG0IG00616*TPH*8;TPH;8;;2;Calvin Klein Jeans;Одежда;Свитер;100% Органический хлопок;ДЖУНИОР РЕПАБЛИК ООО;Calvin Klein Europe B.V.;КИТАЙ;5;8909.418;;1;;2;
175;IG0IG00616*TPH*10;TPH;10;174;2;Calvin Klein Jeans;Одежда;Свитер;100% Органический хлопок;ДЖУНИОР РЕПАБЛИК ООО;Calvin Klein Europe B.V.;КИТАЙ;;8909.418;;1;;2;
176;IG0IG00616*TPH*12;TPH;12;174;2;Calvin Klein Jeans;Одежда;Свитер;100% Органический хлопок;ДЖУНИОР РЕПАБЛИК ООО;Calvin Klein Europe B.V.;КИТАЙ;;8909.418;;1;;2;
177;IG0IG00616*TPH*14;TPH;14;174;2;Calvin Klein Jeans;Одежда;Свитер;100% Органический хлопок;ДЖУНИОР РЕПАБЛИК ООО;Calvin Klein Europe B.V.;КИТАЙ;;8909.418;;1;;2;
178;IG0IG00616*TPH*16;TPH;16;174;2;Calvin Klein Jeans;Одежда;Свитер;100% Органический хлопок;ДЖУНИОР РЕПАБЛИК ООО;Calvin Klein Europe B.V.;КИТАЙ;;8909.418;;1;;2;
179;IG0IG00580*XND*8;XND;8;;2;Calvin Klein Jeans;Одежда;Толстовка-свитшот;100% Органический хлопок;ДЖУНИОР РЕПАБЛИК ООО;Calvin Klein Europe B.V.;ПОРТУГАЛИЯ;5;8909.418;;1;;2;
180;IU0IU00163*TPH*12;TPH;12;145;3;Calvin Klein Jeans;Одежда;Толстовка c капюшоном;100% Органический хлопок;ДЖУНИОР РЕПАБЛИК ООО;Calvin Klein Europe B.V.;ПОРТУГАЛИЯ;;8273.031;;1;;2;
181;IU0IU00163*TPH*14;TPH;14;145;3;Calvin Klein Jeans;Одежда;Толстовка c капюшоном;100% Органический хлопок;ДЖУНИОР РЕПАБЛИК ООО;Calvin Klein Europe B.V.;ПОРТУГАЛИЯ;;8273.031;;1;;2;
182;IU0IU00163*TPH*16;TPH;16;145;3;Calvin Klein Jeans;Одежда;Толстовка c капюшоном;100% Органический хлопок;ДЖУНИОР РЕПАБЛИК ООО;Calvin Klein Europe B.V.;ПОРТУГАЛИЯ;;8273.031;;1;;2;
183;IG0IG00581*YAF*8;YAF;8;;2;Calvin Klein Jeans;Одежда;Толстовка-свитшот;100% Органический хлопок;ДЖУНИОР РЕПАБЛИК ООО;Calvin Klein Europe B.V.;ТУРЦИЯ;5;8273.031;;1;;2;
184;IB0IB00546*BEH*8;BEH;8;;1;Calvin Klein Jeans;Одежда;Толстовка на молнии;50% Хлопок, 50% Полиэстер;ДЖУНИОР РЕПАБЛИК ООО;Calvin Klein Europe B.V.;ТУРЦИЯ;0;9545.805;;1;;2;
185;IB0IB00546*BEH*10;BEH;10;184;1;Calvin Klein Jeans;Одежда;Толстовка на молнии;50% Хлопок, 50% Полиэстер;ДЖУНИОР РЕПАБЛИК ООО;Calvin Klein Europe B.V.;ТУРЦИЯ;;9545.805;;1;;2;
186;IB0IB00546*BEH*12;BEH;12;184;1;Calvin Klein Jeans;Одежда;Толстовка на молнии;50% Хлопок, 50% Полиэстер;ДЖУНИОР РЕПАБЛИК ООО;Calvin Klein Europe B.V.;ТУРЦИЯ;;9545.805;;1;;2;
187;IB0IB00546*BEH*14;BEH;14;184;1;Calvin Klein Jeans;Одежда;Толстовка на молнии;50% Хлопок, 50% Полиэстер;ДЖУНИОР РЕПАБЛИК ООО;Calvin Klein Europe B.V.;ТУРЦИЯ;;9545.805;;1;;2;
188;IB0IB00546*BEH*16;BEH;16;184;1;Calvin Klein Jeans;Одежда;Толстовка на молнии;50% Хлопок, 50% Полиэстер;ДЖУНИОР РЕПАБЛИК ООО;Calvin Klein Europe B.V.;ТУРЦИЯ;;9545.805;;1;;2;
189;IB0IB00570*PZ2*8;PZ2;8;;1;Calvin Klein Jeans;Одежда;Толстовка c капюшоном;50% Хлопок, 50% Полиэстер;ДЖУНИОР РЕПАБЛИК ООО;Calvin Klein Europe B.V.;ТУРЦИЯ;4;8909.418;;1;;2;
190;IB0IB00570*PZ2*10;PZ2;10;189;1;Calvin Klein Jeans;Одежда;Толстовка c капюшоном;50% Хлопок, 50% Полиэстер;ДЖУНИОР РЕПАБЛИК ООО;Calvin Klein Europe B.V.;ТУРЦИЯ;;8909.418;;1;;2;
191;IB0IB00570*PZ2*12;PZ2;12;189;1;Calvin Klein Jeans;Одежда;Толстовка c капюшоном;50% Хлопок, 50% Полиэстер;ДЖУНИОР РЕПАБЛИК ООО;Calvin Klein Europe B.V.;ТУРЦИЯ;;8909.418;;1;;2;
192;IB0IB00570*PZ2*14;PZ2;14;189;1;Calvin Klein Jeans;Одежда;Толстовка c капюшоном;50% Хлопок, 50% Полиэстер;ДЖУНИОР РЕПАБЛИК ООО;Calvin Klein Europe B.V.;ТУРЦИЯ;;8909.418;;1;;2;
193;IB0IB00570*PZ2*16;PZ2;16;189;1;Calvin Klein Jeans;Одежда;Толстовка c капюшоном;50% Хлопок, 50% Полиэстер;ДЖУНИОР РЕПАБЛИК ООО;Calvin Klein Europe B.V.;ТУРЦИЯ;;8909.418;;1;;2;
194;IG0IG00583*BEH*8;BEH;8;;2;Calvin Klein Jeans;Одежда;Толстовка c капюшоном;50% Хлопок, 50% Полиэстер;ДЖУНИОР РЕПАБЛИК ООО;Calvin Klein Europe B.V.;ТУРЦИЯ;0;9545.805;;1;;2;
195;IG0IG00583*BEH*10;BEH;10;194;2;Calvin Klein Jeans;Одежда;Толстовка c капюшоном;50% Хлопок, 50% Полиэстер;ДЖУНИОР РЕПАБЛИК ООО;Calvin Klein Europe B.V.;ТУРЦИЯ;;9545.805;;1;;2;
196;IG0IG00583*BEH*12;BEH;12;194;2;Calvin Klein Jeans;Одежда;Толстовка c капюшоном;50% Хлопок, 50% Полиэстер;ДЖУНИОР РЕПАБЛИК ООО;Calvin Klein Europe B.V.;ТУРЦИЯ;;9545.805;;1;;2;
197;IG0IG00583*BEH*14;BEH;14;194;2;Calvin Klein Jeans;Одежда;Толстовка c капюшоном;50% Хлопок, 50% Полиэстер;ДЖУНИОР РЕПАБЛИК ООО;Calvin Klein Europe B.V.;ТУРЦИЯ;;9545.805;;1;;2;
198;IG0IG00583*BEH*16;BEH;16;194;2;Calvin Klein Jeans;Одежда;Толстовка c капюшоном;50% Хлопок, 50% Полиэстер;ДЖУНИОР РЕПАБЛИК ООО;Calvin Klein Europe B.V.;ТУРЦИЯ;;9545.805;;1;;2;
199;IG0IG00585*0GJ*8;0GJ;8;;2;Calvin Klein Jeans;Одежда;Толстовка c капюшоном;50% Хлопок, 50% Полиэстер;ДЖУНИОР РЕПАБЛИК ООО;Calvin Klein Europe B.V.;ТУРЦИЯ;0;10182.192;;1;;2;
200;IG0IG00585*0GJ*10;0GJ;10;199;2;Calvin Klein Jeans;Одежда;Толстовка c капюшоном;50% Хлопок, 50% Полиэстер;ДЖУНИОР РЕПАБЛИК ООО;Calvin Klein Europe B.V.;ТУРЦИЯ;;10182.192;;1;;2;
201;IG0IG00585*0GJ*12;0GJ;12;199;2;Calvin Klein Jeans;Одежда;Толстовка c капюшоном;50% Хлопок, 50% Полиэстер;ДЖУНИОР РЕПАБЛИК ООО;Calvin Klein Europe B.V.;ТУРЦИЯ;;10182.192;;1;;2;
202;IG0IG00585*0GJ*14;0GJ;14;199;2;Calvin Klein Jeans;Одежда;Толстовка c капюшоном;50% Хлопок, 50% Полиэстер;ДЖУНИОР РЕПАБЛИК ООО;Calvin Klein Europe B.V.;ТУРЦИЯ;;10182.192;;1;;2;
203;IG0IG00585*0GJ*16;0GJ;16;199;2;Calvin Klein Jeans;Одежда;Толстовка c капюшоном;50% Хлопок, 50% Полиэстер;ДЖУНИОР РЕПАБЛИК ООО;Calvin Klein Europe B.V.;ТУРЦИЯ;;10182.192;;1;;2;
204;IB0IB00557*LFH*16;LFH;16;218;1;Calvin Klein Jeans;Верхняя одежда;Куртка пуховая;100% переработанный полиэстер;ДЖУНИОР РЕПАБЛИК ООО;Calvin Klein Europe B.V.;КИТАЙ;;21637.158;;1;;2;
205;IB0IB00557*LFH*12;LFH;12;218;1;Calvin Klein Jeans;Верхняя одежда;Куртка пуховая;100% переработанный полиэстер;ДЖУНИОР РЕПАБЛИК ООО;Calvin Klein Europe B.V.;КИТАЙ;;21637.158;;1;;2;
206;IB0IB00557*LFH*14;LFH;14;218;1;Calvin Klein Jeans;Верхняя одежда;Куртка пуховая;100% переработанный полиэстер;ДЖУНИОР РЕПАБЛИК ООО;Calvin Klein Europe B.V.;КИТАЙ;;21637.158;;1;;2;
207;IB0IB00557*LFH*10;LFH;10;218;1;Calvin Klein Jeans;Верхняя одежда;Куртка пуховая;100% переработанный полиэстер;ДЖУНИОР РЕПАБЛИК ООО;Calvin Klein Europe B.V.;КИТАЙ;;21637.158;;1;;2;
208;IB0IB00560*0GN*14;0GN;14;211;1;Calvin Klein Jeans;Верхняя одежда;Куртка пуховая;100% переработанный полиэстер;ДЖУНИОР РЕПАБЛИК ООО;Calvin Klein Europe B.V.;КИТАЙ;;22909.932;;1;;2;
209;IB0IB00560*0GN*16;0GN;16;211;1;Calvin Klein Jeans;Верхняя одежда;Куртка пуховая;100% переработанный полиэстер;ДЖУНИОР РЕПАБЛИК ООО;Calvin Klein Europe B.V.;КИТАЙ;;22909.932;;1;;2;
210;IB0IB00560*0GN*12;0GN;12;211;1;Calvin Klein Jeans;Верхняя одежда;Куртка пуховая;100% переработанный полиэстер;ДЖУНИОР РЕПАБЛИК ООО;Calvin Klein Europe B.V.;КИТАЙ;;22909.932;;1;;2;
211;IB0IB00560*0GN*8;0GN;8;;1;Calvin Klein Jeans;Верхняя одежда;Куртка пуховая;100% переработанный полиэстер;ДЖУНИОР РЕПАБЛИК ООО;Calvin Klein Europe B.V.;КИТАЙ;4;22909.932;;1;;2;
212;IB0IB00560*0GN*10;0GN;10;211;1;Calvin Klein Jeans;Верхняя одежда;Куртка пуховая;100% переработанный полиэстер;ДЖУНИОР РЕПАБЛИК ООО;Calvin Klein Europe B.V.;КИТАЙ;;22909.932;;1;;2;
213;IB0IB00559*BEH*8;BEH;8;;1;Calvin Klein Jeans;Верхняя одежда;Куртка пуховая;100% переработанный полиэстер;ДЖУНИОР РЕПАБЛИК ООО;Calvin Klein Europe B.V.;КИТАЙ;4;21637.158;;1;;2;
214;IB0IB00559*BEH*12;BEH;12;213;1;Calvin Klein Jeans;Верхняя одежда;Куртка пуховая;100% переработанный полиэстер;ДЖУНИОР РЕПАБЛИК ООО;Calvin Klein Europe B.V.;КИТАЙ;;21637.158;;1;;2;
215;IB0IB00559*BEH*14;BEH;14;213;1;Calvin Klein Jeans;Верхняя одежда;Куртка пуховая;100% переработанный полиэстер;ДЖУНИОР РЕПАБЛИК ООО;Calvin Klein Europe B.V.;КИТАЙ;;21637.158;;1;;2;
216;IB0IB00559*BEH*16;BEH;16;213;1;Calvin Klein Jeans;Верхняя одежда;Куртка пуховая;100% переработанный полиэстер;ДЖУНИОР РЕПАБЛИК ООО;Calvin Klein Europe B.V.;КИТАЙ;;21637.158;;1;;2;
217;IB0IB00559*BEH*10;BEH;10;213;1;Calvin Klein Jeans;Верхняя одежда;Куртка пуховая;100% переработанный полиэстер;ДЖУНИОР РЕПАБЛИК ООО;Calvin Klein Europe B.V.;КИТАЙ;;21637.158;;1;;2;
218;IB0IB00557*LFH*8;LFH;8;;1;Calvin Klein Jeans;Верхняя одежда;Куртка пуховая;100% переработанный полиэстер;ДЖУНИОР РЕПАБЛИК ООО;Calvin Klein Europe B.V.;КИТАЙ;0;21637.158;;1;;2;
219;IB0IB00554*C65*16;C65;16;220;1;Calvin Klein Jeans;Верхняя одежда;Куртка пуховая;100% полиамид;ДЖУНИОР РЕПАБЛИК ООО;Calvin Klein Europe B.V.;КИТАЙ;;21637.158;;1;;2;
220;IB0IB00554*C65*8;C65;8;;1;Calvin Klein Jeans;Верхняя одежда;Куртка пуховая;100% полиамид;ДЖУНИОР РЕПАБЛИК ООО;Calvin Klein Europe B.V.;КИТАЙ;4;21637.158;;1;;2;
221;IB0IB00554*C65*10;C65;10;220;1;Calvin Klein Jeans;Верхняя одежда;Куртка пуховая;100% полиамид;ДЖУНИОР РЕПАБЛИК ООО;Calvin Klein Europe B.V.;КИТАЙ;;21637.158;;1;;2;
222;IB0IB00554*C65*12;C65;12;220;1;Calvin Klein Jeans;Верхняя одежда;Куртка пуховая;100% полиамид;ДЖУНИОР РЕПАБЛИК ООО;Calvin Klein Europe B.V.;КИТАЙ;;21637.158;;1;;2;
223;IB0IB00554*C65*14;C65;14;220;1;Calvin Klein Jeans;Верхняя одежда;Куртка пуховая;100% полиамид;ДЖУНИОР РЕПАБЛИК ООО;Calvin Klein Europe B.V.;КИТАЙ;;21637.158;;1;;2;
224;IG0IG00596*BEH*16;BEH;16;228;2;Calvin Klein Jeans;Верхняя одежда;Куртка;100% полиамид;ДЖУНИОР РЕПАБЛИК ООО;Calvin Klein Europe B.V.;КИТАЙ;;28001.028;;1;;2;
225;IG0IG00596*BEH*12;BEH;12;228;2;Calvin Klein Jeans;Верхняя одежда;Куртка;100% полиамид;ДЖУНИОР РЕПАБЛИК ООО;Calvin Klein Europe B.V.;КИТАЙ;;28001.028;;1;;2;
226;IG0IG00596*BEH*14;BEH;14;228;2;Calvin Klein Jeans;Верхняя одежда;Куртка;100% полиамид;ДЖУНИОР РЕПАБЛИК ООО;Calvin Klein Europe B.V.;КИТАЙ;;28001.028;;1;;2;
227;IG0IG00596*BEH*10;BEH;10;228;2;Calvin Klein Jeans;Верхняя одежда;Куртка;100% полиамид;ДЖУНИОР РЕПАБЛИК ООО;Calvin Klein Europe B.V.;КИТАЙ;;28001.028;;1;;2;
228;IG0IG00596*BEH*8;BEH;8;;2;Calvin Klein Jeans;Верхняя одежда;Куртка;100% полиамид;ДЖУНИОР РЕПАБЛИК ООО;Calvin Klein Europe B.V.;КИТАЙ;4;28001.028;;1;;2;
229;IG0IG00634*0IM*16;0IM;16;233;2;Calvin Klein Jeans;Верхняя одежда;Куртка пальто;100% полиамид;ДЖУНИОР РЕПАБЛИК ООО;Calvin Klein Europe B.V.;КИТАЙ;;25455.48;;1;;2;
230;IG0IG00634*0IM*14;0IM;14;233;2;Calvin Klein Jeans;Верхняя одежда;Куртка пальто;100% полиамид;ДЖУНИОР РЕПАБЛИК ООО;Calvin Klein Europe B.V.;КИТАЙ;;25455.48;;1;;2;
231;IG0IG00634*0IM*12;0IM;12;233;2;Calvin Klein Jeans;Верхняя одежда;Куртка пальто;100% полиамид;ДЖУНИОР РЕПАБЛИК ООО;Calvin Klein Europe B.V.;КИТАЙ;;25455.48;;1;;2;
232;IG0IG00634*0IM*10;0IM;10;233;2;Calvin Klein Jeans;Верхняя одежда;Куртка пальто;100% полиамид;ДЖУНИОР РЕПАБЛИК ООО;Calvin Klein Europe B.V.;КИТАЙ;;25455.48;;1;;2;
233;IG0IG00634*0IM*8;0IM;8;;2;Calvin Klein Jeans;Верхняя одежда;Куртка пальто;100% полиамид;ДЖУНИОР РЕПАБЛИК ООО;Calvin Klein Europe B.V.;КИТАЙ;4;25455.48;;1;;2;
234;IG0IG00593*TPH*10;TPH;10;240;2;Calvin Klein Jeans;Верхняя одежда;Куртка пуховая;100% переработанный полиэстер;ДЖУНИОР РЕПАБЛИК ООО;Calvin Klein Europe B.V.;КИТАЙ;;21637.158;;1;;2;
235;IG0IG00593*TPH*12;TPH;12;240;2;Calvin Klein Jeans;Верхняя одежда;Куртка пуховая;100% переработанный полиэстер;ДЖУНИОР РЕПАБЛИК ООО;Calvin Klein Europe B.V.;КИТАЙ;;21637.158;;1;;2;
236;IG0IG00593*TPH*14;TPH;14;240;2;Calvin Klein Jeans;Верхняя одежда;Куртка пуховая;100% переработанный полиэстер;ДЖУНИОР РЕПАБЛИК ООО;Calvin Klein Europe B.V.;КИТАЙ;;21637.158;;1;;2;
237;IG0IG00593*TPH*16;TPH;16;240;2;Calvin Klein Jeans;Верхняя одежда;Куртка пуховая;100% переработанный полиэстер;ДЖУНИОР РЕПАБЛИК ООО;Calvin Klein Europe B.V.;КИТАЙ;;21637.158;;1;;2;
238;IG0IG00590*YAF*8;YAF;8;;2;Calvin Klein Jeans;Верхняя одежда;Куртка;100% полиамид;ДЖУНИОР РЕПАБЛИК ООО;Calvin Klein Europe B.V.;КИТАЙ;6;21637.158;;1;;2;
239;IG0IG00590*YAF*10;YAF;10;238;2;Calvin Klein Jeans;Верхняя одежда;Куртка;100% полиамид;ДЖУНИОР РЕПАБЛИК ООО;Calvin Klein Europe B.V.;КИТАЙ;;21637.158;;1;;2;
240;IG0IG00593*TPH*8;TPH;8;;2;Calvin Klein Jeans;Верхняя одежда;Куртка пуховая;100% переработанный полиэстер;ДЖУНИОР РЕПАБЛИК ООО;Calvin Klein Europe B.V.;КИТАЙ;0;21637.158;;1;;2;
241;IG0IG00590*YAF*12;YAF;12;238;2;Calvin Klein Jeans;Верхняя одежда;Куртка;100% полиамид;ДЖУНИОР РЕПАБЛИК ООО;Calvin Klein Europe B.V.;КИТАЙ;;21637.158;;1;;2;
242;IG0IG00590*YAF*14;YAF;14;238;2;Calvin Klein Jeans;Верхняя одежда;Куртка;100% полиамид;ДЖУНИОР РЕПАБЛИК ООО;Calvin Klein Europe B.V.;КИТАЙ;;21637.158;;1;;2;
243;IG0IG00590*YAF*16;YAF;16;238;2;Calvin Klein Jeans;Верхняя одежда;Куртка;100% полиамид;ДЖУНИОР РЕПАБЛИК ООО;Calvin Klein Europe B.V.;КИТАЙ;;21637.158;;1;;2;
244;IB0IB00508*1BK*8;1BK;8;;1;Calvin Klein Jeans;Одежда;Джинсы слимы;90% хлопок, 8% эластомультиэстер, 2% эластан;ДЖУНИОР РЕПАБЛИК ООО;Calvin Klein Europe B.V.;ТУНИС;0;8909.418;;1;;2;
245;IB0IB00508*1BK*10;1BK;10;244;1;Calvin Klein Jeans;Одежда;Джинсы слимы;90% хлопок, 8% эластомультиэстер, 2% эластан;ДЖУНИОР РЕПАБЛИК ООО;Calvin Klein Europe B.V.;ТУНИС;;8909.418;;1;;2;
246;IB0IB00508*1BK*12;1BK;12;244;1;Calvin Klein Jeans;Одежда;Джинсы слимы;90% хлопок, 8% эластомультиэстер, 2% эластан;ДЖУНИОР РЕПАБЛИК ООО;Calvin Klein Europe B.V.;ТУНИС;;8909.418;;1;;2;
247;IB0IB00505*1A4*14;1A4;14;263;1;Calvin Klein Jeans;Одежда;Джинсы слимы;74% Хлопок, 25% Полиэстер, 1% Эластан;ДЖУНИОР РЕПАБЛИК ООО;Calvin Klein Europe B.V.;БАНГЛАДЕШ;;7636.644;;1;;2;
248;IB0IB00505*1A4*16;1A4;16;263;1;Calvin Klein Jeans;Одежда;Джинсы слимы;74% Хлопок, 25% Полиэстер, 1% Эластан;ДЖУНИОР РЕПАБЛИК ООО;Calvin Klein Europe B.V.;БАНГЛАДЕШ;;7636.644;;1;;2;
249;IB0IB00505*1A4*12;1A4;12;263;1;Calvin Klein Jeans;Одежда;Джинсы слимы;74% Хлопок, 25% Полиэстер, 1% Эластан;ДЖУНИОР РЕПАБЛИК ООО;Calvin Klein Europe B.V.;БАНГЛАДЕШ;;7636.644;;1;;2;
250;IB0IB00508*1BK*14;1BK;14;244;1;Calvin Klein Jeans;Одежда;Джинсы слимы;90% хлопок, 8% эластомультиэстер, 2% эластан;ДЖУНИОР РЕПАБЛИК ООО;Calvin Klein Europe B.V.;ТУНИС;;8909.418;;1;;2;
251;IB0IB00508*1BK*16;1BK;16;244;1;Calvin Klein Jeans;Одежда;Джинсы слимы;90% хлопок, 8% эластомультиэстер, 2% эластан;ДЖУНИОР РЕПАБЛИК ООО;Calvin Klein Europe B.V.;ТУНИС;;8909.418;;1;;2;
252;IB0IB00505*1A4*10;1A4;10;263;1;Calvin Klein Jeans;Одежда;Джинсы слимы;74% Хлопок, 25% Полиэстер, 1% Эластан;ДЖУНИОР РЕПАБЛИК ООО;Calvin Klein Europe B.V.;БАНГЛАДЕШ;;7636.644;;1;;2;
253;IB0IB00507*1BY*16;1BY;16;262;1;Calvin Klein Jeans;Одежда;Джинсы скини;74% Хлопок, 25% Полиэстер, 1% Эластан;ДЖУНИОР РЕПАБЛИК ООО;Calvin Klein Europe B.V.;МАВРИКИЙ;;7636.644;;1;;2;
254;IB0IB00507*1BY*14;1BY;14;262;1;Calvin Klein Jeans;Одежда;Джинсы скини;74% Хлопок, 25% Полиэстер, 1% Эластан;ДЖУНИОР РЕПАБЛИК ООО;Calvin Klein Europe B.V.;МАВРИКИЙ;;7636.644;;1;;2;
255;IB0IB00507*1BY*10;1BY;10;262;1;Calvin Klein Jeans;Одежда;Джинсы скини;74% Хлопок, 25% Полиэстер, 1% Эластан;ДЖУНИОР РЕПАБЛИК ООО;Calvin Klein Europe B.V.;МАВРИКИЙ;;7636.644;;1;;2;
256;IB0IB00507*1BY*12;1BY;12;262;1;Calvin Klein Jeans;Одежда;Джинсы скини;74% Хлопок, 25% Полиэстер, 1% Эластан;ДЖУНИОР РЕПАБЛИК ООО;Calvin Klein Europe B.V.;МАВРИКИЙ;;7636.644;;1;;2;
257;IB0IB00562*1A4*8;1A4;8;;1;Calvin Klein Jeans;Одежда;Джинсы скини;83% хлопок, 15% полиэстер, 2% эластан;ДЖУНИОР РЕПАБЛИК ООО;Calvin Klein Europe B.V.;ТУНИС;0;8909.418;;1;;2;
258;IB0IB00562*1A4*12;1A4;12;257;1;Calvin Klein Jeans;Одежда;Джинсы скини;83% хлопок, 15% полиэстер, 2% эластан;ДЖУНИОР РЕПАБЛИК ООО;Calvin Klein Europe B.V.;ТУНИС;;8909.418;;1;;2;
259;IB0IB00562*1A4*14;1A4;14;257;1;Calvin Klein Jeans;Одежда;Джинсы скини;83% хлопок, 15% полиэстер, 2% эластан;ДЖУНИОР РЕПАБЛИК ООО;Calvin Klein Europe B.V.;ТУНИС;;8909.418;;1;;2;
260;IB0IB00562*1A4*16;1A4;16;257;1;Calvin Klein Jeans;Одежда;Джинсы скини;83% хлопок, 15% полиэстер, 2% эластан;ДЖУНИОР РЕПАБЛИК ООО;Calvin Klein Europe B.V.;ТУНИС;;8909.418;;1;;2;
261;IB0IB00562*1A4*10;1A4;10;257;1;Calvin Klein Jeans;Одежда;Джинсы скини;83% хлопок, 15% полиэстер, 2% эластан;ДЖУНИОР РЕПАБЛИК ООО;Calvin Klein Europe B.V.;ТУНИС;;8909.418;;1;;2;
262;IB0IB00507*1BY*8;1BY;8;;1;Calvin Klein Jeans;Одежда;Джинсы скини;74% Хлопок, 25% Полиэстер, 1% Эластан;ДЖУНИОР РЕПАБЛИК ООО;Calvin Klein Europe B.V.;МАВРИКИЙ;4;7636.644;;1;;2;
263;IB0IB00505*1A4*8;1A4;8;;1;Calvin Klein Jeans;Одежда;Джинсы слимы;74% Хлопок, 25% Полиэстер, 1% Эластан;ДЖУНИОР РЕПАБЛИК ООО;Calvin Klein Europe B.V.;БАНГЛАДЕШ;0;7636.644;;1;;2;
264;IG0IG00546*1BY*8;1BY;8;;2;Calvin Klein Jeans;Одежда;Джинсы скини;74% Хлопок, 25% Полиэстер, 1% Эластан;ДЖУНИОР РЕПАБЛИК ООО;Calvin Klein Europe B.V.;БАНГЛАДЕШ;0;7636.644;;1;;2;
265;IG0IG00546*1BY*10;1BY;10;264;2;Calvin Klein Jeans;Одежда;Джинсы скини;74% Хлопок, 25% Полиэстер, 1% Эластан;ДЖУНИОР РЕПАБЛИК ООО;Calvin Klein Europe B.V.;БАНГЛАДЕШ;;7636.644;;1;;2;
266;IG0IG00546*1BY*12;1BY;12;264;2;Calvin Klein Jeans;Одежда;Джинсы скини;74% Хлопок, 25% Полиэстер, 1% Эластан;ДЖУНИОР РЕПАБЛИК ООО;Calvin Klein Europe B.V.;БАНГЛАДЕШ;;7636.644;;1;;2;
267;IG0IG00546*1BY*14;1BY;14;264;2;Calvin Klein Jeans;Одежда;Джинсы скини;74% Хлопок, 25% Полиэстер, 1% Эластан;ДЖУНИОР РЕПАБЛИК ООО;Calvin Klein Europe B.V.;БАНГЛАДЕШ;;7636.644;;1;;2;
268;IG0IG00546*1BY*16;1BY;16;264;2;Calvin Klein Jeans;Одежда;Джинсы скини;74% Хлопок, 25% Полиэстер, 1% Эластан;ДЖУНИОР РЕПАБЛИК ООО;Calvin Klein Europe B.V.;БАНГЛАДЕШ;;7636.644;;1;;2;
269;IG0IG00554*1A4*12;1A4;12;283;2;Calvin Klein Jeans;Одежда;Джинсы скини;97% хлопок, 3% эластан;ДЖУНИОР РЕПАБЛИК ООО;Calvin Klein Europe B.V.;ТУНИС;;8909.418;;1;;2;
270;IG0IG00554*1A4*14;1A4;14;283;2;Calvin Klein Jeans;Одежда;Джинсы скини;97% хлопок, 3% эластан;ДЖУНИОР РЕПАБЛИК ООО;Calvin Klein Europe B.V.;ТУНИС;;8909.418;;1;;2;
271;IG0IG00554*1A4*16;1A4;16;283;2;Calvin Klein Jeans;Одежда;Джинсы скини;97% хлопок, 3% эластан;ДЖУНИОР РЕПАБЛИК ООО;Calvin Klein Europe B.V.;ТУНИС;;8909.418;;1;;2;
272;IG0IG00550*1BK*10;1BK;10;277;2;Calvin Klein Jeans;Одежда;Джинсы супер скини;90% хлопок, 8% эластомультиэстер, 2% эластан;ДЖУНИОР РЕПАБЛИК ООО;Calvin Klein Europe B.V.;МАВРИКИЙ;;8909.418;;1;;2;
273;IG0IG00550*1BK*12;1BK;12;277;2;Calvin Klein Jeans;Одежда;Джинсы супер скини;90% хлопок, 8% эластомультиэстер, 2% эластан;ДЖУНИОР РЕПАБЛИК ООО;Calvin Klein Europe B.V.;МАВРИКИЙ;;8909.418;;1;;2;
274;IG0IG00550*1BK*14;1BK;14;277;2;Calvin Klein Jeans;Одежда;Джинсы супер скини;90% хлопок, 8% эластомультиэстер, 2% эластан;ДЖУНИОР РЕПАБЛИК ООО;Calvin Klein Europe B.V.;МАВРИКИЙ;;8909.418;;1;;2;
275;IG0IG00550*1BK*16;1BK;16;277;2;Calvin Klein Jeans;Одежда;Джинсы супер скини;90% хлопок, 8% эластомультиэстер, 2% эластан;ДЖУНИОР РЕПАБЛИК ООО;Calvin Klein Europe B.V.;МАВРИКИЙ;;8909.418;;1;;2;
276;IG0IG00554*1A4*10;1A4;10;283;2;Calvin Klein Jeans;Одежда;Джинсы скини;97% хлопок, 3% эластан;ДЖУНИОР РЕПАБЛИК ООО;Calvin Klein Europe B.V.;ТУНИС;;8909.418;;1;;2;
277;IG0IG00550*1BK*8;1BK;8;;2;Calvin Klein Jeans;Одежда;Джинсы супер скини;90% хлопок, 8% эластомультиэстер, 2% эластан;ДЖУНИОР РЕПАБЛИК ООО;Calvin Klein Europe B.V.;МАВРИКИЙ;0;8909.418;;1;;2;
278;IG0IG00551*1A4*8;1A4;8;;2;Calvin Klein Jeans;Одежда;Джинсы скини;98% хлопок, 2% эластан;ДЖУНИОР РЕПАБЛИК ООО;Calvin Klein Europe B.V.;ТУНИС;0;8909.418;;1;;2;
279;IG0IG00551*1A4*10;1A4;10;278;2;Calvin Klein Jeans;Одежда;Джинсы скини;98% хлопок, 2% эластан;ДЖУНИОР РЕПАБЛИК ООО;Calvin Klein Europe B.V.;ТУНИС;;8909.418;;1;;2;
280;IG0IG00551*1A4*12;1A4;12;278;2;Calvin Klein Jeans;Одежда;Джинсы скини;98% хлопок, 2% эластан;ДЖУНИОР РЕПАБЛИК ООО;Calvin Klein Europe B.V.;ТУНИС;;8909.418;;1;;2;
281;IG0IG00551*1A4*14;1A4;14;278;2;Calvin Klein Jeans;Одежда;Джинсы скини;98% хлопок, 2% эластан;ДЖУНИОР РЕПАБЛИК ООО;Calvin Klein Europe B.V.;ТУНИС;;8909.418;;1;;2;
282;IG0IG00551*1A4*16;1A4;16;278;2;Calvin Klein Jeans;Одежда;Джинсы скини;98% хлопок, 2% эластан;ДЖУНИОР РЕПАБЛИК ООО;Calvin Klein Europe B.V.;ТУНИС;;8909.418;;1;;2;
283;IG0IG00554*1A4*8;1A4;8;;2;Calvin Klein Jeans;Одежда;Джинсы скини;97% хлопок, 3% эластан;ДЖУНИОР РЕПАБЛИК ООО;Calvin Klein Europe B.V.;ТУНИС;0;8909.418;;1;;2;
284;IG0IG00553*1BY*8;1BY;8;;2;Calvin Klein Jeans;Одежда;Джинсы скини;70% Лайкра, 28% Полиэстер, 2% Эластан;ДЖУНИОР РЕПАБЛИК ООО;Calvin Klein Europe B.V.;МАВРИКИЙ;4;8909.418;;1;;2;
285;IG0IG00553*1BY*10;1BY;10;284;2;Calvin Klein Jeans;Одежда;Джинсы скини;70% Лайкра, 28% Полиэстер, 2% Эластан;ДЖУНИОР РЕПАБЛИК ООО;Calvin Klein Europe B.V.;МАВРИКИЙ;;8909.418;;1;;2;
286;IG0IG00553*1BY*12;1BY;12;284;2;Calvin Klein Jeans;Одежда;Джинсы скини;70% Лайкра, 28% Полиэстер, 2% Эластан;ДЖУНИОР РЕПАБЛИК ООО;Calvin Klein Europe B.V.;МАВРИКИЙ;;8909.418;;1;;2;
287;IG0IG00553*1BY*14;1BY;14;284;2;Calvin Klein Jeans;Одежда;Джинсы скини;70% Лайкра, 28% Полиэстер, 2% Эластан;ДЖУНИОР РЕПАБЛИК ООО;Calvin Klein Europe B.V.;МАВРИКИЙ;;8909.418;;1;;2;
288;IG0IG00553*1BY*16;1BY;16;284;2;Calvin Klein Jeans;Одежда;Джинсы скини;70% Лайкра, 28% Полиэстер, 2% Эластан;ДЖУНИОР РЕПАБЛИК ООО;Calvin Klein Europe B.V.;МАВРИКИЙ;;8909.418;;1;;2;
289;IB0IB00550*0K4*14;0K4;14;293;1;Calvin Klein Jeans;Одежда;Рубашка;96% органический хлопок, 4% эластан;ДЖУНИОР РЕПАБЛИК ООО;Calvin Klein Europe B.V.;БАНГЛАДЕШ;;8909.418;;1;;2;
290;IB0IB00550*0K4*16;0K4;16;293;1;Calvin Klein Jeans;Одежда;Рубашка;96% органический хлопок, 4% эластан;ДЖУНИОР РЕПАБЛИК ООО;Calvin Klein Europe B.V.;БАНГЛАДЕШ;;8909.418;;1;;2;
291;IB0IB00550*0K4*10;0K4;10;293;1;Calvin Klein Jeans;Одежда;Рубашка;96% органический хлопок, 4% эластан;ДЖУНИОР РЕПАБЛИК ООО;Calvin Klein Europe B.V.;БАНГЛАДЕШ;;8909.418;;1;;2;
292;IB0IB00550*0K4*12;0K4;12;293;1;Calvin Klein Jeans;Одежда;Рубашка;96% органический хлопок, 4% эластан;ДЖУНИОР РЕПАБЛИК ООО;Calvin Klein Europe B.V.;БАНГЛАДЕШ;;8909.418;;1;;2;
293;IB0IB00550*0K4*8;0K4;8;;1;Calvin Klein Jeans;Одежда;Рубашка;96% органический хлопок, 4% эластан;ДЖУНИОР РЕПАБЛИК ООО;Calvin Klein Europe B.V.;БАНГЛАДЕШ;5;8909.418;;1;;2;
294;IU0IU00125*TPH*S-M;TPH;S-M;;3;Calvin Klein Jeans;Аксессуары;Ремень;100% полиэстер;ДЖУНИОР РЕПАБЛИК ООО;Calvin Klein Europe B.V.;КИТАЙ;2;3181.935;;1;;2;
295;IU0IU00125*TPH*L-XL;TPH;L-XL;;3;Calvin Klein Jeans;Аксессуары;Ремень;100% полиэстер;ДЖУНИОР РЕПАБЛИК ООО;Calvin Klein Europe B.V.;КИТАЙ;2;3181.935;;1;;2;
296;IU0IU00132*BEH*S-M;BEH;S-M;;3;Calvin Klein Jeans;Аксессуары;Бейсболка;100 Хлопок;ДЖУНИОР РЕПАБЛИК ООО;Calvin Klein Europe B.V.;КИТАЙ;3;3181.935;;1;;2;
297;IU0IU00132*BEH*L-XL;BEH;L-XL;;3;Calvin Klein Jeans;Аксессуары;Бейсболка;100 Хлопок;ДЖУНИОР РЕПАБЛИК ООО;Calvin Klein Europe B.V.;КИТАЙ;3;3181.935;;1;;2;
298;IU0IU00142*ZAA*S-M;ZAA;S-M;;3;Calvin Klein Jeans;Аксессуары;Бейсболка;100% полиэстер;ДЖУНИОР РЕПАБЛИК ООО;Calvin Klein Europe B.V.;ТАЙВАНЬ (КИТАЙ);3;3818.322;;1;;2;
299;IU0IU00142*ZAA*L-XL;ZAA;L-XL;;3;Calvin Klein Jeans;Аксессуары;Бейсболка;100% полиэстер;ДЖУНИОР РЕПАБЛИК ООО;Calvin Klein Europe B.V.;ТАЙВАНЬ (КИТАЙ);3;3818.322;;1;;2;
300;IU0IU00132*TPH*S-M;TPH;S-M;;3;Calvin Klein Jeans;Аксессуары;Бейсболка;100 Хлопок;ДЖУНИОР РЕПАБЛИК ООО;Calvin Klein Europe B.V.;КИТАЙ;3;3181.935;;1;;2;
301;IU0IU00132*TPH*L-XL;TPH;L-XL;;3;Calvin Klein Jeans;Аксессуары;Бейсболка;100 Хлопок;ДЖУНИОР РЕПАБЛИК ООО;Calvin Klein Europe B.V.;КИТАЙ;3;3181.935;;1;;2;
302;IB0IB00347*ZAA*10;ZAA;10;306;1;Calvin Klein Jeans;Одежда;Футболка;неизвестно;ДЖУНИОР РЕПАБЛИК ООО;Calvin Klein Europe B.V.;неизвестно;;3181.935;;1;;2;
303;IB0IB00347*ZAA*12;ZAA;12;306;1;Calvin Klein Jeans;Одежда;Футболка;неизвестно;ДЖУНИОР РЕПАБЛИК ООО;Calvin Klein Europe B.V.;неизвестно;;3181.935;;1;;2;
304;IB0IB00347*ZAA*14;ZAA;14;306;1;Calvin Klein Jeans;Одежда;Футболка;неизвестно;ДЖУНИОР РЕПАБЛИК ООО;Calvin Klein Europe B.V.;неизвестно;;3181.935;;1;;2;
305;IB0IB00347*ZAA*16;ZAA;16;306;1;Calvin Klein Jeans;Одежда;Футболка;неизвестно;ДЖУНИОР РЕПАБЛИК ООО;Calvin Klein Europe B.V.;неизвестно;;3181.935;;1;;2;
306;IB0IB00347*ZAA*8;ZAA;8;;1;Calvin Klein Jeans;Одежда;Футболка;неизвестно;ДЖУНИОР РЕПАБЛИК ООО;Calvin Klein Europe B.V.;неизвестно;5;3181.935;;1;;2;
307;IB0IB00514*1A4*10;1A4;10;311;1;Calvin Klein Jeans;Одежда;Брюки (джинсы);неизвестно;ДЖУНИОР РЕПАБЛИК ООО;Calvin Klein Europe B.V.;неизвестно;;10182.192;;1;;2;
308;IB0IB00514*1A4*12;1A4;12;311;1;Calvin Klein Jeans;Одежда;Брюки (джинсы);неизвестно;ДЖУНИОР РЕПАБЛИК ООО;Calvin Klein Europe B.V.;неизвестно;;10182.192;;1;;2;
309;IB0IB00514*1A4*14;1A4;14;311;1;Calvin Klein Jeans;Одежда;Брюки (джинсы);неизвестно;ДЖУНИОР РЕПАБЛИК ООО;Calvin Klein Europe B.V.;неизвестно;;10182.192;;1;;2;
310;IB0IB00514*1A4*16;1A4;16;311;1;Calvin Klein Jeans;Одежда;Брюки (джинсы);неизвестно;ДЖУНИОР РЕПАБЛИК ООО;Calvin Klein Europe B.V.;неизвестно;;10182.192;;1;;2;
311;IB0IB00514*1A4*8;1A4;8;;1;Calvin Klein Jeans;Одежда;Брюки (джинсы);неизвестно;ДЖУНИОР РЕПАБЛИК ООО;Calvin Klein Europe B.V.;неизвестно;5;10182.192;;1;;2;
312;IB0IB00516*BEH*10;BEH;10;316;1;Calvin Klein Jeans;Одежда;Брюки;неизвестно;ДЖУНИОР РЕПАБЛИК ООО;Calvin Klein Europe B.V.;неизвестно;;7636.644;;1;;2;
313;IB0IB00516*BEH*12;BEH;12;316;1;Calvin Klein Jeans;Одежда;Брюки;неизвестно;ДЖУНИОР РЕПАБЛИК ООО;Calvin Klein Europe B.V.;неизвестно;;7636.644;;1;;2;
314;IB0IB00516*BEH*14;BEH;14;316;1;Calvin Klein Jeans;Одежда;Брюки;неизвестно;ДЖУНИОР РЕПАБЛИК ООО;Calvin Klein Europe B.V.;неизвестно;;7636.644;;1;;2;
315;IB0IB00516*BEH*16;BEH;16;316;1;Calvin Klein Jeans;Одежда;Брюки;неизвестно;ДЖУНИОР РЕПАБЛИК ООО;Calvin Klein Europe B.V.;неизвестно;;7636.644;;1;;2;
316;IB0IB00516*BEH*8;BEH;8;;1;Calvin Klein Jeans;Одежда;Брюки;неизвестно;ДЖУНИОР РЕПАБЛИК ООО;Calvin Klein Europe B.V.;неизвестно;5;7636.644;;1;;2;
317;IB0IB00527*LFH*10;LFH;10;;1;Calvin Klein Jeans;Одежда;Футболка;неизвестно;ДЖУНИОР РЕПАБЛИК ООО;Calvin Klein Europe B.V.;неизвестно;5;4454.709;;1;;2;
318;IB0IB00527*LFH*12;LFH;12;317;1;Calvin Klein Jeans;Одежда;Футболка;неизвестно;ДЖУНИОР РЕПАБЛИК ООО;Calvin Klein Europe B.V.;неизвестно;;4454.709;;1;;2;
319;IB0IB00527*LFH*14;LFH;14;317;1;Calvin Klein Jeans;Одежда;Футболка;неизвестно;ДЖУНИОР РЕПАБЛИК ООО;Calvin Klein Europe B.V.;неизвестно;;4454.709;;1;;2;
320;IB0IB00527*LFH*16;LFH;16;317;1;Calvin Klein Jeans;Одежда;Футболка;неизвестно;ДЖУНИОР РЕПАБЛИК ООО;Calvin Klein Europe B.V.;неизвестно;;4454.709;;1;;2;
321;IB0IB00540*BEH*10;BEH;10;325;1;Calvin Klein Jeans;Одежда;Свитер;неизвестно;ДЖУНИОР РЕПАБЛИК ООО;Calvin Klein Europe B.V.;неизвестно;;8273.031;;1;;2;
322;IB0IB00540*BEH*12;BEH;12;325;1;Calvin Klein Jeans;Одежда;Свитер;неизвестно;ДЖУНИОР РЕПАБЛИК ООО;Calvin Klein Europe B.V.;неизвестно;;8273.031;;1;;2;
323;IB0IB00540*BEH*14;BEH;14;325;1;Calvin Klein Jeans;Одежда;Свитер;неизвестно;ДЖУНИОР РЕПАБЛИК ООО;Calvin Klein Europe B.V.;неизвестно;;8273.031;;1;;2;
324;IB0IB00540*BEH*16;BEH;16;325;1;Calvin Klein Jeans;Одежда;Свитер;неизвестно;ДЖУНИОР РЕПАБЛИК ООО;Calvin Klein Europe B.V.;неизвестно;;8273.031;;1;;2;
325;IB0IB00540*BEH*8;BEH;8;;1;Calvin Klein Jeans;Одежда;Свитер;неизвестно;ДЖУНИОР РЕПАБЛИК ООО;Calvin Klein Europe B.V.;неизвестно;5;8273.031;;1;;2;
326;IG0IG00561*YAF*10;YAF;10;;2;Calvin Klein Jeans;Одежда;Футболка с коротким рукавом;неизвестно;ДЖУНИОР РЕПАБЛИК ООО;Calvin Klein Europe B.V.;неизвестно;0;3818.322;;1;;2;
327;IG0IG00561*YAF*12;YAF;12;326;2;Calvin Klein Jeans;Одежда;Футболка с коротким рукавом;неизвестно;ДЖУНИОР РЕПАБЛИК ООО;Calvin Klein Europe B.V.;неизвестно;;3818.322;;1;;2;
328;IG0IG00561*YAF*14;YAF;14;326;2;Calvin Klein Jeans;Одежда;Футболка с коротким рукавом;неизвестно;ДЖУНИОР РЕПАБЛИК ООО;Calvin Klein Europe B.V.;неизвестно;;3818.322;;1;;2;
329;IG0IG00561*YAF*16;YAF;16;326;2;Calvin Klein Jeans;Одежда;Футболка с коротким рукавом;неизвестно;ДЖУНИОР РЕПАБЛИК ООО;Calvin Klein Europe B.V.;неизвестно;;3818.322;;1;;2;
330;IG0IG00562*TAB*10;TAB;10;;2;Calvin Klein Jeans;Одежда;Футболка;неизвестно;ДЖУНИОР РЕПАБЛИК ООО;Calvin Klein Europe B.V.;неизвестно;5;5091.096;;1;;2;
331;IG0IG00562*TAB*12;TAB;12;330;2;Calvin Klein Jeans;Одежда;Футболка;неизвестно;ДЖУНИОР РЕПАБЛИК ООО;Calvin Klein Europe B.V.;неизвестно;;5091.096;;1;;2;
332;IG0IG00562*TAB*14;TAB;14;330;2;Calvin Klein Jeans;Одежда;Футболка;неизвестно;ДЖУНИОР РЕПАБЛИК ООО;Calvin Klein Europe B.V.;неизвестно;;5091.096;;1;;2;
333;IG0IG00562*TAB*16;TAB;16;330;2;Calvin Klein Jeans;Одежда;Футболка;неизвестно;ДЖУНИОР РЕПАБЛИК ООО;Calvin Klein Europe B.V.;неизвестно;;5091.096;;1;;2;
334;IG0IG00569*TPH*10;TPH;10;337;2;Calvin Klein Jeans;Одежда;Футболка;неизвестно;ДЖУНИОР РЕПАБЛИК ООО;Calvin Klein Europe B.V.;неизвестно;;3818.322;;1;;2;
335;IG0IG00569*TPH*14;TPH;14;337;2;Calvin Klein Jeans;Одежда;Футболка;неизвестно;ДЖУНИОР РЕПАБЛИК ООО;Calvin Klein Europe B.V.;неизвестно;;3818.322;;1;;2;
336;IG0IG00569*TPH*16;TPH;16;337;2;Calvin Klein Jeans;Одежда;Футболка;неизвестно;ДЖУНИОР РЕПАБЛИК ООО;Calvin Klein Europe B.V.;неизвестно;;3818.322;;1;;2;
337;IG0IG00569*TPH*8;TPH;8;;2;Calvin Klein Jeans;Одежда;Футболка;неизвестно;ДЖУНИОР РЕПАБЛИК ООО;Calvin Klein Europe B.V.;неизвестно;5;3818.322;;1;;2;
338;KB0KB05860*0GY*12;0GY;12;375;1;Tommy Hilfiger;Одежда;Футболка с коротким рукавом;100% Органический хлопок;ДЖУНИОР РЕПАБЛИК ООО;Tommy Hilfiger Europe B.V.;БАНГЛАДЕШ;;5091.10;;1;;2;
339;KB0KB05907*YBR*14;YBR;14;507;1;Tommy Hilfiger;Одежда;Поло с коротким рукавом;100% Органический хлопок;ДЖУНИОР РЕПАБЛИК ООО;Tommy Hilfiger Europe B.V.;БАНГЛАДЕШ;;7636.64;;1;;2;
340;KG0KG05326*C87*10;C87;10;542;2;Tommy Hilfiger;Верхняя одежда;Куртка пальто;65% ПОЛИЭСТЕР, 35% ПЕРЕРАБОТАННЫЙ ПОЛИЭСТЕР;ДЖУНИОР РЕПАБЛИК ООО;Tommy Hilfiger Europe B.V.;КИТАЙ;;25374.78;;1;;2;
341;KG0KG05262*C87*8;C87;8;;2;Tommy Hilfiger;Верхняя одежда;Куртка ветровка;100% полиэстер;ДЖУНИОР РЕПАБЛИК ООО;Tommy Hilfiger Europe B.V.;КИТАЙ;0;12727.74;;1;;2;
342;KG0KG05219*XNL*8;XNL;8;;2;Tommy Hilfiger;Одежда;Толстовка c капюшоном;90% органический хлопок, 10% полиэстер;ДЖУНИОР РЕПАБЛИК ООО;Tommy Hilfiger Europe B.V.;ИНДИЯ;0;10182.19;;1;;2;
343;KB0KB05864*P6U*16;P6U;16;475;1;Tommy Hilfiger;Одежда;Брюки спортивные;65% ОРГАНИЧЕСКИЙ ХЛОПОК, 30% ПОЛИЭСТЕР, 5% ЭЛАСТАН;ДЖУНИОР РЕПАБЛИК ООО;Tommy Hilfiger Europe B.V.;ИНДИЯ;;7636.64;;1;;2;
344;KB0KB05860*0GY*10;0GY;10;375;1;Tommy Hilfiger;Одежда;Футболка с коротким рукавом;100% Органический хлопок;ДЖУНИОР РЕПАБЛИК ООО;Tommy Hilfiger Europe B.V.;БАНГЛАДЕШ;;5091.10;;1;;2;
345;KG0KG05269*C87*8;C87;8;;2;Tommy Hilfiger;Верхняя одежда;Куртка пальто;67% хлопок, 33% полиамид;ДЖУНИОР РЕПАБЛИК ООО;Tommy Hilfiger Europe B.V.;КИТАЙ;0;25374.78;;1;;2;
346;KB0KB05783*1BJ*16;1BJ;16;522;1;Tommy Hilfiger;Одежда;Джинсы слимы;74% Хлопок, 25% Полиэстер, 1% Эластан;ДЖУНИОР РЕПАБЛИК ООО;Tommy Hilfiger Europe B.V.;БАНГЛАДЕШ;;7636.64;;1;;2;
347;KB0KB05810*YBR*16;YBR;16;378;1;Tommy Hilfiger;Одежда;Толстовка на молнии;100% Органический хлопок;ДЖУНИОР РЕПАБЛИК ООО;Tommy Hilfiger Europe B.V.;ТУРЦИЯ;;10182.19;;1;;2;
348;KG0KG05332*YBR*10;YBR;10;401;2;Tommy Hilfiger;Одежда;Футболка с коротким рукавом;50% ОРГАНИЧЕСКИЙ ХЛОПОК, 47% ПОЛИЭСТЕР, 3% ПОЛИАМИД;ДЖУНИОР РЕПАБЛИК ООО;Tommy Hilfiger Europe B.V.;ТУРЦИЯ;;4454.71;;1;;2;
349;KG0KG05251*XNL*8;XNL;8;;2;Tommy Hilfiger;Одежда;Футболка с коротким рукавом;100% Органический хлопок;ДЖУНИОР РЕПАБЛИК ООО;Tommy Hilfiger Europe B.V.;БАНГЛАДЕШ;0;5091.10;;1;;2;
350;KB0KB05833*XNL*14;XNL;14;402;1;Tommy Hilfiger;Одежда;Поло с коротким рукавом;100% Органический хлопок;ДЖУНИОР РЕПАБЛИК ООО;Tommy Hilfiger Europe B.V.;ИНДИЯ;;7636.64;;1;;2;
351;KG0KG05198*1A6*10;1A6;10;377;2;Tommy Hilfiger;Одежда;Джинсы прямые;98% хлопок, 2% эластан;ДЖУНИОР РЕПАБЛИК ООО;Tommy Hilfiger Europe B.V.;ТУНИС;;8909.42;;1;;2;
352;KS0KS00129*YBR*16;YBR;16;535;3;Tommy Hilfiger;Верхняя одежда;Куртка бомбер;100% полиэстер;ДЖУНИОР РЕПАБЛИК ООО;Tommy Hilfiger Europe B.V.;КИТАЙ;;24102.00;;1;;2;
353;KB0KB05850*YBR*8;YBR;8;;1;Tommy Hilfiger;Одежда;Футболка с длинным рукавом;100% хлопок;ДЖУНИОР РЕПАБЛИК ООО;Tommy Hilfiger Europe B.V.;БАНГЛАДЕШ;0;5727.48;;1;;2;
354;KG0KG05251*C87*14;C87;14;491;2;Tommy Hilfiger;Одежда;Футболка с коротким рукавом;100% Органический хлопок;ДЖУНИОР РЕПАБЛИК ООО;Tommy Hilfiger Europe B.V.;БАНГЛАДЕШ;;5091.10;;1;;2;
355;KB0KB05786*1BK*8;1BK;8;;1;Tommy Hilfiger;Одежда;Джинсы слимы;79% Хлопок, 20% Переработанный хлопок, 1% Эластан;ДЖУНИОР РЕПАБЛИК ООО;Tommy Hilfiger Europe B.V.;ТУНИС;0;8909.42;;1;;2;
356;KB0KB05848*C4X*16;C4X;16;382;1;Tommy Hilfiger;Одежда;Футболка с коротким рукавом;100% Органический хлопок;ДЖУНИОР РЕПАБЛИК ООО;Tommy Hilfiger Europe B.V.;БАНГЛАДЕШ;;4454.71;;1;;2;
357;KB0KB05853*YBR*10;YBR;10;469;1;Tommy Hilfiger;Одежда;Футболка с коротким рукавом;100% Органический хлопок;ДЖУНИОР РЕПАБЛИК ООО;Tommy Hilfiger Europe B.V.;ТУРЦИЯ;;5727.48;;1;;2;
358;KG0KG05263*C87*8;C87;8;;2;Tommy Hilfiger;Верхняя одежда;Куртка бомбер;100% полиамид;ДЖУНИОР РЕПАБЛИК ООО;Tommy Hilfiger Europe B.V.;КИТАЙ;0;24102.00;;1;;2;
359;KB0KB05850*YBR*12;YBR;12;353;1;Tommy Hilfiger;Одежда;Футболка с длинным рукавом;100% хлопок;ДЖУНИОР РЕПАБЛИК ООО;Tommy Hilfiger Europe B.V.;БАНГЛАДЕШ;;5727.48;;1;;2;
360;KG0KG05219*XNL*12;XNL;12;342;2;Tommy Hilfiger;Одежда;Толстовка c капюшоном;90% органический хлопок, 10% полиэстер;ДЖУНИОР РЕПАБЛИК ООО;Tommy Hilfiger Europe B.V.;ИНДИЯ;;10182.19;;1;;2;
361;KG0KG05326*C87*12;C87;12;542;2;Tommy Hilfiger;Верхняя одежда;Куртка пальто;65% ПОЛИЭСТЕР, 35% ПЕРЕРАБОТАННЫЙ ПОЛИЭСТЕР;ДЖУНИОР РЕПАБЛИК ООО;Tommy Hilfiger Europe B.V.;КИТАЙ;;25374.78;;1;;2;
362;KB0KB05783*1BJ*12;1BJ;12;522;1;Tommy Hilfiger;Одежда;Джинсы слимы;74% Хлопок, 25% Полиэстер, 1% Эластан;ДЖУНИОР РЕПАБЛИК ООО;Tommy Hilfiger Europe B.V.;БАНГЛАДЕШ;;7636.64;;1;;2;
363;KG0KG05199*1BJ*16;1BJ;16;509;2;Tommy Hilfiger;Одежда;Джинсы клеш;79% Хлопок, 20% Переработанный хлопок, 1% Эластан;ДЖУНИОР РЕПАБЛИК ООО;Tommy Hilfiger Europe B.V.;ТУНИС;;10182.19;;1;;2;
364;KB0KB05907*YBR*16;YBR;16;507;1;Tommy Hilfiger;Одежда;Поло с коротким рукавом;100% Органический хлопок;ДЖУНИОР РЕПАБЛИК ООО;Tommy Hilfiger Europe B.V.;БАНГЛАДЕШ;;7636.64;;1;;2;
365;KB0KB05911*C87*12;C87;12;455;1;Tommy Hilfiger;Одежда;Брюки;97% хлопок, 3% эластан;ДЖУНИОР РЕПАБЛИК ООО;Tommy Hilfiger Europe B.V.;ШРИ-ЛАНКА;;8909.42;;1;;2;
366;KB0KB05885*C87*16;C87;16;398;1;Tommy Hilfiger;Верхняя одежда;Куртка бомбер;67% хлопок, 33% полиамид;ДЖУНИОР РЕПАБЛИК ООО;Tommy Hilfiger Europe B.V.;КИТАЙ;;25374.78;;1;;2;
367;KG0KG05262*C87*10;C87;10;341;2;Tommy Hilfiger;Верхняя одежда;Куртка ветровка;100% полиэстер;ДЖУНИОР РЕПАБЛИК ООО;Tommy Hilfiger Europe B.V.;КИТАЙ;;12727.74;;1;;2;
368;KS0KS00129*L57*10;L57;10;418;3;Tommy Hilfiger;Верхняя одежда;Куртка бомбер;100% полиэстер;ДЖУНИОР РЕПАБЛИК ООО;Tommy Hilfiger Europe B.V.;КИТАЙ;;24102.00;;1;;2;
369;KG0KG05251*XNL*16;XNL;16;349;2;Tommy Hilfiger;Одежда;Футболка с коротким рукавом;100% Органический хлопок;ДЖУНИОР РЕПАБЛИК ООО;Tommy Hilfiger Europe B.V.;БАНГЛАДЕШ;;5091.10;;1;;2;
370;KB0KB05844*ZIO*10;ZIO;10;424;1;Tommy Hilfiger;Одежда;Футболка с коротким рукавом;100% Органический хлопок;ДЖУНИОР РЕПАБЛИК ООО;Tommy Hilfiger Europe B.V.;БАНГЛАДЕШ;;3181.94;;1;;2;
371;KB0KB05805*C87*12;C87;12;474;1;Tommy Hilfiger;Одежда;Толстовка-свитшот;70% ОРГАНИЧЕСКИЙ ХЛОПОК, 30% ПОЛИЭСТЕР;ДЖУНИОР РЕПАБЛИК ООО;Tommy Hilfiger Europe B.V.;ИНДИЯ;;9545.81;;1;;2;
372;KG0KG05265*XNL*10;XNL;10;428;2;Tommy Hilfiger;Верхняя одежда;Куртка пуховая;100% полиамид;ДЖУНИОР РЕПАБЛИК ООО;Tommy Hilfiger Europe B.V.;КИТАЙ;;21556.46;;1;;2;
373;KB0KB05860*0GY*14;0GY;14;375;1;Tommy Hilfiger;Одежда;Футболка с коротким рукавом;100% Органический хлопок;ДЖУНИОР РЕПАБЛИК ООО;Tommy Hilfiger Europe B.V.;БАНГЛАДЕШ;;5091.10;;1;;2;
374;KG0KG05265*PE6*16;PE6;16;442;2;Tommy Hilfiger;Верхняя одежда;Куртка пуховая;100% полиамид;ДЖУНИОР РЕПАБЛИК ООО;Tommy Hilfiger Europe B.V.;КИТАЙ;;21556.46;;1;;2;
375;KB0KB05860*0GY*8;0GY;8;;1;Tommy Hilfiger;Одежда;Футболка с коротким рукавом;100% Органический хлопок;ДЖУНИОР РЕПАБЛИК ООО;Tommy Hilfiger Europe B.V.;БАНГЛАДЕШ;0;5091.10;;1;;2;
376;KB0KB05784*1A4*16;1A4;16;495;1;Tommy Hilfiger;Одежда;Джинсы прямые;74% Хлопок, 25% Полиэстер, 1% Эластан;ДЖУНИОР РЕПАБЛИК ООО;Tommy Hilfiger Europe B.V.;БАНГЛАДЕШ;;7636.64;;1;;2;
377;KG0KG05198*1A6*8;1A6;8;;2;Tommy Hilfiger;Одежда;Джинсы прямые;98% хлопок, 2% эластан;ДЖУНИОР РЕПАБЛИК ООО;Tommy Hilfiger Europe B.V.;ТУНИС;0;8909.42;;1;;2;
378;KB0KB05810*YBR*8;YBR;8;;1;Tommy Hilfiger;Одежда;Толстовка на молнии;100% Органический хлопок;ДЖУНИОР РЕПАБЛИК ООО;Tommy Hilfiger Europe B.V.;ТУРЦИЯ;0;10182.19;;1;;2;
379;KB0KB05786*1BK*16;1BK;16;355;1;Tommy Hilfiger;Одежда;Джинсы слимы;79% Хлопок, 20% Переработанный хлопок, 1% Эластан;ДЖУНИОР РЕПАБЛИК ООО;Tommy Hilfiger Europe B.V.;ТУНИС;;8909.42;;1;;2;
380;KG0KG05265*XNL*16;XNL;16;428;2;Tommy Hilfiger;Верхняя одежда;Куртка пуховая;100% полиамид;ДЖУНИОР РЕПАБЛИК ООО;Tommy Hilfiger Europe B.V.;КИТАЙ;;21556.46;;1;;2;
381;KB0KB05884*L57*14;L57;14;436;1;Tommy Hilfiger;Верхняя одежда;Куртка пуховая;100% полиамид;ДЖУНИОР РЕПАБЛИК ООО;Tommy Hilfiger Europe B.V.;КИТАЙ;;20283.68;;1;;2;
382;KB0KB05848*C4X*8;C4X;8;;1;Tommy Hilfiger;Одежда;Футболка с коротким рукавом;100% Органический хлопок;ДЖУНИОР РЕПАБЛИК ООО;Tommy Hilfiger Europe B.V.;БАНГЛАДЕШ;0;4454.71;;1;;2;
383;KG0KG05198*1A6*14;1A6;14;377;2;Tommy Hilfiger;Одежда;Джинсы прямые;98% хлопок, 2% эластан;ДЖУНИОР РЕПАБЛИК ООО;Tommy Hilfiger Europe B.V.;ТУНИС;;8909.42;;1;;2;
384;KG0KG05263*C87*12;C87;12;358;2;Tommy Hilfiger;Верхняя одежда;Куртка бомбер;100% полиамид;ДЖУНИОР РЕПАБЛИК ООО;Tommy Hilfiger Europe B.V.;КИТАЙ;;24102.00;;1;;2;
385;KB0KB05853*XNL*8;XNL;8;;1;Tommy Hilfiger;Одежда;Футболка с коротким рукавом;100% Органический хлопок;ДЖУНИОР РЕПАБЛИК ООО;Tommy Hilfiger Europe B.V.;ТУРЦИЯ;0;5727.48;;1;;2;
386;KB0KB05844*ZIO*16;ZIO;16;424;1;Tommy Hilfiger;Одежда;Футболка с коротким рукавом;100% Органический хлопок;ДЖУНИОР РЕПАБЛИК ООО;Tommy Hilfiger Europe B.V.;БАНГЛАДЕШ;;3181.94;;1;;2;
387;KB0KB05854*C4X*12;C4X;12;394;1;Tommy Hilfiger;Одежда;Футболка с коротким рукавом;100% хлопок;ДЖУНИОР РЕПАБЛИК ООО;Tommy Hilfiger Europe B.V.;БАНГЛАДЕШ;;5091.10;;1;;2;
388;KG0KG05269*C87*16;C87;16;345;2;Tommy Hilfiger;Верхняя одежда;Куртка пальто;67% хлопок, 33% полиамид;ДЖУНИОР РЕПАБЛИК ООО;Tommy Hilfiger Europe B.V.;КИТАЙ;;25374.78;;1;;2;
389;KB0KB05911*C87*16;C87;16;455;1;Tommy Hilfiger;Одежда;Брюки;97% хлопок, 3% эластан;ДЖУНИОР РЕПАБЛИК ООО;Tommy Hilfiger Europe B.V.;ШРИ-ЛАНКА;;8909.42;;1;;2;
390;KB0KB05814*C87*16;C87;16;516;1;Tommy Hilfiger;Одежда;Свитер;100% хлопок;ДЖУНИОР РЕПАБЛИК ООО;Tommy Hilfiger Europe B.V.;КИТАЙ;;11454.97;;1;;2;
391;KB0KB05796*L3V*10;L3V;10;427;1;Tommy Hilfiger;Одежда;Толстовка c капюшоном;65% ОРГАНИЧЕСКИЙ ХЛОПОК, 30% ПОЛИЭСТЕР, 5% ЭЛАСТАН;ДЖУНИОР РЕПАБЛИК ООО;Tommy Hilfiger Europe B.V.;ИНДИЯ;;8273.03;;1;;2;
392;KG0KG05192*1BJ*16;1BJ;16;485;2;Tommy Hilfiger;Одежда;Джинсы скини;74% Хлопок, 25% Полиэстер, 1% Эластан;ДЖУНИОР РЕПАБЛИК ООО;Tommy Hilfiger Europe B.V.;БАНГЛАДЕШ;;7636.64;;1;;2;
393;KG0KG05263*C87*10;C87;10;358;2;Tommy Hilfiger;Верхняя одежда;Куртка бомбер;100% полиамид;ДЖУНИОР РЕПАБЛИК ООО;Tommy Hilfiger Europe B.V.;КИТАЙ;;24102.00;;1;;2;
394;KB0KB05854*C4X*8;C4X;8;;1;Tommy Hilfiger;Одежда;Футболка с коротким рукавом;100% хлопок;ДЖУНИОР РЕПАБЛИК ООО;Tommy Hilfiger Europe B.V.;БАНГЛАДЕШ;0;5091.10;;1;;2;
395;KB0KB05864*P6U*12;P6U;12;475;1;Tommy Hilfiger;Одежда;Брюки спортивные;65% ОРГАНИЧЕСКИЙ ХЛОПОК, 30% ПОЛИЭСТЕР, 5% ЭЛАСТАН;ДЖУНИОР РЕПАБЛИК ООО;Tommy Hilfiger Europe B.V.;ИНДИЯ;;7636.64;;1;;2;
396;KB0KB05883*XNL*10;XNL;10;494;1;Tommy Hilfiger;Верхняя одежда;Куртка пуховая;100% полиэстер;ДЖУНИОР РЕПАБЛИК ООО;Tommy Hilfiger Europe B.V.;КИТАЙ;;25374.78;;1;;2;
397;KS0KS00129*YBR*10;YBR;10;535;3;Tommy Hilfiger;Верхняя одежда;Куртка бомбер;100% полиэстер;ДЖУНИОР РЕПАБЛИК ООО;Tommy Hilfiger Europe B.V.;КИТАЙ;;24102.00;;1;;2;
398;KB0KB05885*C87*8;C87;8;;1;Tommy Hilfiger;Верхняя одежда;Куртка бомбер;67% хлопок, 33% полиамид;ДЖУНИОР РЕПАБЛИК ООО;Tommy Hilfiger Europe B.V.;КИТАЙ;0;25374.78;;1;;2;
399;KB0KB05850*YBR*14;YBR;14;353;1;Tommy Hilfiger;Одежда;Футболка с длинным рукавом;100% хлопок;ДЖУНИОР РЕПАБЛИК ООО;Tommy Hilfiger Europe B.V.;БАНГЛАДЕШ;;5727.48;;1;;2;
400;KB0KB05885*C87*14;C87;14;398;1;Tommy Hilfiger;Верхняя одежда;Куртка бомбер;67% хлопок, 33% полиамид;ДЖУНИОР РЕПАБЛИК ООО;Tommy Hilfiger Europe B.V.;КИТАЙ;;25374.78;;1;;2;
401;KG0KG05332*YBR*8;YBR;8;;2;Tommy Hilfiger;Одежда;Футболка с коротким рукавом;50% ОРГАНИЧЕСКИЙ ХЛОПОК, 47% ПОЛИЭСТЕР, 3% ПОЛИАМИД;ДЖУНИОР РЕПАБЛИК ООО;Tommy Hilfiger Europe B.V.;ТУРЦИЯ;0;4454.71;;1;;2;
402;KB0KB05833*XNL*8;XNL;8;;1;Tommy Hilfiger;Одежда;Поло с коротким рукавом;100% Органический хлопок;ДЖУНИОР РЕПАБЛИК ООО;Tommy Hilfiger Europe B.V.;ИНДИЯ;0;7636.64;;1;;2;
403;KB0KB05805*C87*14;C87;14;474;1;Tommy Hilfiger;Одежда;Толстовка-свитшот;70% ОРГАНИЧЕСКИЙ ХЛОПОК, 30% ПОЛИЭСТЕР;ДЖУНИОР РЕПАБЛИК ООО;Tommy Hilfiger Europe B.V.;ИНДИЯ;;9545.81;;1;;2;
404;KG0KG05315*1BJ*10;1BJ;10;472;2;Tommy Hilfiger;Одежда;Юбка;74% Хлопок, 25% Полиэстер, 1% Эластан;ДЖУНИОР РЕПАБЛИК ООО;Tommy Hilfiger Europe B.V.;БАНГЛАДЕШ;;7636.64;;1;;2;
405;KG0KG05315*1BJ*16;1BJ;16;472;2;Tommy Hilfiger;Одежда;Юбка;74% Хлопок, 25% Полиэстер, 1% Эластан;ДЖУНИОР РЕПАБЛИК ООО;Tommy Hilfiger Europe B.V.;БАНГЛАДЕШ;;7636.64;;1;;2;
406;KG0KG05198*1A6*12;1A6;12;377;2;Tommy Hilfiger;Одежда;Джинсы прямые;98% хлопок, 2% эластан;ДЖУНИОР РЕПАБЛИК ООО;Tommy Hilfiger Europe B.V.;ТУНИС;;8909.42;;1;;2;
407;KG0KG05198*1A6*16;1A6;16;377;2;Tommy Hilfiger;Одежда;Джинсы прямые;98% хлопок, 2% эластан;ДЖУНИОР РЕПАБЛИК ООО;Tommy Hilfiger Europe B.V.;ТУНИС;;8909.42;;1;;2;
408;KB0KB05803*YBR*14;YBR;14;476;1;Tommy Hilfiger;Одежда;Толстовка-свитшот;70% ОРГАНИЧЕСКИЙ ХЛОПОК, 30% ПОЛИЭСТЕР;ДЖУНИОР РЕПАБЛИК ООО;Tommy Hilfiger Europe B.V.;ИНДИЯ;;8909.42;;1;;2;
409;KB0KB05825*C4X*8;C4X;8;;1;Tommy Hilfiger;Одежда;Рубашка с длинным рукавом;100% хлопок;ДЖУНИОР РЕПАБЛИК ООО;Tommy Hilfiger Europe B.V.;ИНДИЯ;0;10818.58;;1;;2;
410;KS0KS00129*L57*12;L57;12;418;3;Tommy Hilfiger;Верхняя одежда;Куртка бомбер;100% полиэстер;ДЖУНИОР РЕПАБЛИК ООО;Tommy Hilfiger Europe B.V.;КИТАЙ;;24102.00;;1;;2;
411;KB0KB05884*L57*16;L57;16;436;1;Tommy Hilfiger;Верхняя одежда;Куртка пуховая;100% полиамид;ДЖУНИОР РЕПАБЛИК ООО;Tommy Hilfiger Europe B.V.;КИТАЙ;;20283.68;;1;;2;
412;KG0KG05263*C87*14;C87;14;358;2;Tommy Hilfiger;Верхняя одежда;Куртка бомбер;100% полиамид;ДЖУНИОР РЕПАБЛИК ООО;Tommy Hilfiger Europe B.V.;КИТАЙ;;24102.00;;1;;2;
413;KS0KS00129*L57*14;L57;14;418;3;Tommy Hilfiger;Верхняя одежда;Куртка бомбер;100% полиэстер;ДЖУНИОР РЕПАБЛИК ООО;Tommy Hilfiger Europe B.V.;КИТАЙ;;24102.00;;1;;2;
414;KB0KB05784*1A4*14;1A4;14;495;1;Tommy Hilfiger;Одежда;Джинсы прямые;74% Хлопок, 25% Полиэстер, 1% Эластан;ДЖУНИОР РЕПАБЛИК ООО;Tommy Hilfiger Europe B.V.;БАНГЛАДЕШ;;7636.64;;1;;2;
415;KG0KG05265*XNL*14;XNL;14;428;2;Tommy Hilfiger;Верхняя одежда;Куртка пуховая;100% полиамид;ДЖУНИОР РЕПАБЛИК ООО;Tommy Hilfiger Europe B.V.;КИТАЙ;;21556.46;;1;;2;
416;KB0KB05848*XNL*10;XNL;10;523;1;Tommy Hilfiger;Одежда;Футболка с коротким рукавом;100% Органический хлопок;ДЖУНИОР РЕПАБЛИК ООО;Tommy Hilfiger Europe B.V.;БАНГЛАДЕШ;;4454.71;;1;;2;
417;KB0KB05814*C87*10;C87;10;516;1;Tommy Hilfiger;Одежда;Свитер;100% хлопок;ДЖУНИОР РЕПАБЛИК ООО;Tommy Hilfiger Europe B.V.;КИТАЙ;;11454.97;;1;;2;
418;KS0KS00129*L57*8;L57;8;;3;Tommy Hilfiger;Верхняя одежда;Куртка бомбер;100% полиэстер;ДЖУНИОР РЕПАБЛИК ООО;Tommy Hilfiger Europe B.V.;КИТАЙ;0;24102.00;;1;;2;
419;KB0KB05810*YBR*12;YBR;12;378;1;Tommy Hilfiger;Одежда;Толстовка на молнии;100% Органический хлопок;ДЖУНИОР РЕПАБЛИК ООО;Tommy Hilfiger Europe B.V.;ТУРЦИЯ;;10182.19;;1;;2;
420;KB0KB05853*YBR*16;YBR;16;469;1;Tommy Hilfiger;Одежда;Футболка с коротким рукавом;100% Органический хлопок;ДЖУНИОР РЕПАБЛИК ООО;Tommy Hilfiger Europe B.V.;ТУРЦИЯ;;5727.48;;1;;2;
421;KB0KB05864*P6U*10;P6U;10;475;1;Tommy Hilfiger;Одежда;Брюки спортивные;65% ОРГАНИЧЕСКИЙ ХЛОПОК, 30% ПОЛИЭСТЕР, 5% ЭЛАСТАН;ДЖУНИОР РЕПАБЛИК ООО;Tommy Hilfiger Europe B.V.;ИНДИЯ;;7636.64;;1;;2;
422;KG0KG05192*1BJ*14;1BJ;14;485;2;Tommy Hilfiger;Одежда;Джинсы скини;74% Хлопок, 25% Полиэстер, 1% Эластан;ДЖУНИОР РЕПАБЛИК ООО;Tommy Hilfiger Europe B.V.;БАНГЛАДЕШ;;7636.64;;1;;2;
423;KG0KG05262*C87*12;C87;12;341;2;Tommy Hilfiger;Верхняя одежда;Куртка ветровка;100% полиэстер;ДЖУНИОР РЕПАБЛИК ООО;Tommy Hilfiger Europe B.V.;КИТАЙ;;12727.74;;1;;2;
424;KB0KB05844*ZIO*8;ZIO;8;;1;Tommy Hilfiger;Одежда;Футболка с коротким рукавом;100% Органический хлопок;ДЖУНИОР РЕПАБЛИК ООО;Tommy Hilfiger Europe B.V.;БАНГЛАДЕШ;0;3181.94;;1;;2;
425;KB0KB05853*YBR*12;YBR;12;469;1;Tommy Hilfiger;Одежда;Футболка с коротким рукавом;100% Органический хлопок;ДЖУНИОР РЕПАБЛИК ООО;Tommy Hilfiger Europe B.V.;ТУРЦИЯ;;5727.48;;1;;2;
426;KG0KG05219*XNL*16;XNL;16;342;2;Tommy Hilfiger;Одежда;Толстовка c капюшоном;90% органический хлопок, 10% полиэстер;ДЖУНИОР РЕПАБЛИК ООО;Tommy Hilfiger Europe B.V.;ИНДИЯ;;10182.19;;1;;2;
427;KB0KB05796*L3V*8;L3V;8;;1;Tommy Hilfiger;Одежда;Толстовка c капюшоном;65% ОРГАНИЧЕСКИЙ ХЛОПОК, 30% ПОЛИЭСТЕР, 5% ЭЛАСТАН;ДЖУНИОР РЕПАБЛИК ООО;Tommy Hilfiger Europe B.V.;ИНДИЯ;0;8273.03;;1;;2;
428;KG0KG05265*XNL*8;XNL;8;;2;Tommy Hilfiger;Верхняя одежда;Куртка пуховая;100% полиамид;ДЖУНИОР РЕПАБЛИК ООО;Tommy Hilfiger Europe B.V.;КИТАЙ;0;21556.46;;1;;2;
429;KB0KB05883*XNL*14;XNL;14;494;1;Tommy Hilfiger;Верхняя одежда;Куртка пуховая;100% полиэстер;ДЖУНИОР РЕПАБЛИК ООО;Tommy Hilfiger Europe B.V.;КИТАЙ;;25374.78;;1;;2;
430;KG0KG05199*1BJ*12;1BJ;12;509;2;Tommy Hilfiger;Одежда;Джинсы клеш;79% Хлопок, 20% Переработанный хлопок, 1% Эластан;ДЖУНИОР РЕПАБЛИК ООО;Tommy Hilfiger Europe B.V.;ТУНИС;;10182.19;;1;;2;
431;KB0KB05907*YBR*12;YBR;12;507;1;Tommy Hilfiger;Одежда;Поло с коротким рукавом;100% Органический хлопок;ДЖУНИОР РЕПАБЛИК ООО;Tommy Hilfiger Europe B.V.;БАНГЛАДЕШ;;7636.64;;1;;2;
432;KB0KB05783*1BJ*14;1BJ;14;522;1;Tommy Hilfiger;Одежда;Джинсы слимы;74% Хлопок, 25% Полиэстер, 1% Эластан;ДЖУНИОР РЕПАБЛИК ООО;Tommy Hilfiger Europe B.V.;БАНГЛАДЕШ;;7636.64;;1;;2;
433;KB0KB05810*YBR*14;YBR;14;378;1;Tommy Hilfiger;Одежда;Толстовка на молнии;100% Органический хлопок;ДЖУНИОР РЕПАБЛИК ООО;Tommy Hilfiger Europe B.V.;ТУРЦИЯ;;10182.19;;1;;2;
434;KB0KB05825*C4X*12;C4X;12;409;1;Tommy Hilfiger;Одежда;Рубашка с длинным рукавом;100% хлопок;ДЖУНИОР РЕПАБЛИК ООО;Tommy Hilfiger Europe B.V.;ИНДИЯ;;10818.58;;1;;2;
435;KB0KB05844*ZIO*14;ZIO;14;424;1;Tommy Hilfiger;Одежда;Футболка с коротким рукавом;100% Органический хлопок;ДЖУНИОР РЕПАБЛИК ООО;Tommy Hilfiger Europe B.V.;БАНГЛАДЕШ;;3181.94;;1;;2;
436;KB0KB05884*L57*8;L57;8;;1;Tommy Hilfiger;Верхняя одежда;Куртка пуховая;100% полиамид;ДЖУНИОР РЕПАБЛИК ООО;Tommy Hilfiger Europe B.V.;КИТАЙ;0;20283.68;;1;;2;
437;KB0KB05833*XNL*12;XNL;12;402;1;Tommy Hilfiger;Одежда;Поло с коротким рукавом;100% Органический хлопок;ДЖУНИОР РЕПАБЛИК ООО;Tommy Hilfiger Europe B.V.;ИНДИЯ;;7636.64;;1;;2;
438;KG0KG05251*XNL*12;XNL;12;349;2;Tommy Hilfiger;Одежда;Футболка с коротким рукавом;100% Органический хлопок;ДЖУНИОР РЕПАБЛИК ООО;Tommy Hilfiger Europe B.V.;БАНГЛАДЕШ;;5091.10;;1;;2;
439;KB0KB05854*C4X*16;C4X;16;394;1;Tommy Hilfiger;Одежда;Футболка с коротким рукавом;100% хлопок;ДЖУНИОР РЕПАБЛИК ООО;Tommy Hilfiger Europe B.V.;БАНГЛАДЕШ;;5091.10;;1;;2;
440;KG0KG05269*C87*12;C87;12;345;2;Tommy Hilfiger;Верхняя одежда;Куртка пальто;67% хлопок, 33% полиамид;ДЖУНИОР РЕПАБЛИК ООО;Tommy Hilfiger Europe B.V.;КИТАЙ;;25374.78;;1;;2;
441;KB0KB05784*1A4*10;1A4;10;495;1;Tommy Hilfiger;Одежда;Джинсы прямые;74% Хлопок, 25% Полиэстер, 1% Эластан;ДЖУНИОР РЕПАБЛИК ООО;Tommy Hilfiger Europe B.V.;БАНГЛАДЕШ;;7636.64;;1;;2;
442;KG0KG05265*PE6*8;PE6;8;;2;Tommy Hilfiger;Верхняя одежда;Куртка пуховая;100% полиамид;ДЖУНИОР РЕПАБЛИК ООО;Tommy Hilfiger Europe B.V.;КИТАЙ;0;21556.46;;1;;2;
443;KG0KG05332*YBR*16;YBR;16;401;2;Tommy Hilfiger;Одежда;Футболка с коротким рукавом;50% ОРГАНИЧЕСКИЙ ХЛОПОК, 47% ПОЛИЭСТЕР, 3% ПОЛИАМИД;ДЖУНИОР РЕПАБЛИК ООО;Tommy Hilfiger Europe B.V.;ТУРЦИЯ;;4454.71;;1;;2;
444;KB0KB05848*XNL*12;XNL;12;523;1;Tommy Hilfiger;Одежда;Футболка с коротким рукавом;100% Органический хлопок;ДЖУНИОР РЕПАБЛИК ООО;Tommy Hilfiger Europe B.V.;БАНГЛАДЕШ;;4454.71;;1;;2;
445;KB0KB05864*C87*8;C87;8;;1;Tommy Hilfiger;Одежда;Брюки спортивные;65% ОРГАНИЧЕСКИЙ ХЛОПОК, 30% ПОЛИЭСТЕР, 5% ЭЛАСТАН;ДЖУНИОР РЕПАБЛИК ООО;Tommy Hilfiger Europe B.V.;ИНДИЯ;0;7636.64;;1;;2;
446;KB0KB05786*1BK*12;1BK;12;355;1;Tommy Hilfiger;Одежда;Джинсы слимы;79% Хлопок, 20% Переработанный хлопок, 1% Эластан;ДЖУНИОР РЕПАБЛИК ООО;Tommy Hilfiger Europe B.V.;ТУНИС;;8909.42;;1;;2;
447;KG0KG05251*C87*12;C87;12;491;2;Tommy Hilfiger;Одежда;Футболка с коротким рукавом;100% Органический хлопок;ДЖУНИОР РЕПАБЛИК ООО;Tommy Hilfiger Europe B.V.;БАНГЛАДЕШ;;5091.10;;1;;2;
448;KB0KB05848*C4X*10;C4X;10;382;1;Tommy Hilfiger;Одежда;Футболка с коротким рукавом;100% Органический хлопок;ДЖУНИОР РЕПАБЛИК ООО;Tommy Hilfiger Europe B.V.;БАНГЛАДЕШ;;4454.71;;1;;2;
449;KB0KB05853*XNL*14;XNL;14;385;1;Tommy Hilfiger;Одежда;Футболка с коротким рукавом;100% Органический хлопок;ДЖУНИОР РЕПАБЛИК ООО;Tommy Hilfiger Europe B.V.;ТУРЦИЯ;;5727.48;;1;;2;
450;KG0KG05282*C87*14;C87;14;541;2;Tommy Hilfiger;Одежда;Платье;95% органический хлопок, 5% эластан;ДЖУНИОР РЕПАБЛИК ООО;Tommy Hilfiger Europe B.V.;КИТАЙ;;10818.58;;1;;2;
451;KB0KB05883*XNL*16;XNL;16;494;1;Tommy Hilfiger;Верхняя одежда;Куртка пуховая;100% полиэстер;ДЖУНИОР РЕПАБЛИК ООО;Tommy Hilfiger Europe B.V.;КИТАЙ;;25374.78;;1;;2;
452;KB0KB05883*XNL*12;XNL;12;494;1;Tommy Hilfiger;Верхняя одежда;Куртка пуховая;100% полиэстер;ДЖУНИОР РЕПАБЛИК ООО;Tommy Hilfiger Europe B.V.;КИТАЙ;;25374.78;;1;;2;
453;KB0KB05885*C87*10;C87;10;398;1;Tommy Hilfiger;Верхняя одежда;Куртка бомбер;67% хлопок, 33% полиамид;ДЖУНИОР РЕПАБЛИК ООО;Tommy Hilfiger Europe B.V.;КИТАЙ;;25374.78;;1;;2;
454;KB0KB05883*C4X*14;C4X;14;512;1;Tommy Hilfiger;Верхняя одежда;Куртка пуховая;100% полиэстер;ДЖУНИОР РЕПАБЛИК ООО;Tommy Hilfiger Europe B.V.;КИТАЙ;;25374.78;;1;;2;
455;KB0KB05911*C87*8;C87;8;;1;Tommy Hilfiger;Одежда;Брюки;97% хлопок, 3% эластан;ДЖУНИОР РЕПАБЛИК ООО;Tommy Hilfiger Europe B.V.;ШРИ-ЛАНКА;0;8909.42;;1;;2;
456;KB0KB05796*L3V*16;L3V;16;427;1;Tommy Hilfiger;Одежда;Толстовка c капюшоном;65% ОРГАНИЧЕСКИЙ ХЛОПОК, 30% ПОЛИЭСТЕР, 5% ЭЛАСТАН;ДЖУНИОР РЕПАБЛИК ООО;Tommy Hilfiger Europe B.V.;ИНДИЯ;;8273.03;;1;;2;
457;KB0KB05803*YBR*10;YBR;10;476;1;Tommy Hilfiger;Одежда;Толстовка-свитшот;70% ОРГАНИЧЕСКИЙ ХЛОПОК, 30% ПОЛИЭСТЕР;ДЖУНИОР РЕПАБЛИК ООО;Tommy Hilfiger Europe B.V.;ИНДИЯ;;8909.42;;1;;2;
458;KG0KG05332*YBR*14;YBR;14;401;2;Tommy Hilfiger;Одежда;Футболка с коротким рукавом;50% ОРГАНИЧЕСКИЙ ХЛОПОК, 47% ПОЛИЭСТЕР, 3% ПОЛИАМИД;ДЖУНИОР РЕПАБЛИК ООО;Tommy Hilfiger Europe B.V.;ТУРЦИЯ;;4454.71;;1;;2;
459;KG0KG05251*XNL*14;XNL;14;349;2;Tommy Hilfiger;Одежда;Футболка с коротким рукавом;100% Органический хлопок;ДЖУНИОР РЕПАБЛИК ООО;Tommy Hilfiger Europe B.V.;БАНГЛАДЕШ;;5091.10;;1;;2;
460;KB0KB05844*ZIO*12;ZIO;12;424;1;Tommy Hilfiger;Одежда;Футболка с коротким рукавом;100% Органический хлопок;ДЖУНИОР РЕПАБЛИК ООО;Tommy Hilfiger Europe B.V.;БАНГЛАДЕШ;;3181.94;;1;;2;
461;KG0KG05199*1BJ*14;1BJ;14;509;2;Tommy Hilfiger;Одежда;Джинсы клеш;79% Хлопок, 20% Переработанный хлопок, 1% Эластан;ДЖУНИОР РЕПАБЛИК ООО;Tommy Hilfiger Europe B.V.;ТУНИС;;10182.19;;1;;2;
462;KG0KG05265*XNL*12;XNL;12;428;2;Tommy Hilfiger;Верхняя одежда;Куртка пуховая;100% полиамид;ДЖУНИОР РЕПАБЛИК ООО;Tommy Hilfiger Europe B.V.;КИТАЙ;;21556.46;;1;;2;
463;KB0KB05803*YBR*16;YBR;16;476;1;Tommy Hilfiger;Одежда;Толстовка-свитшот;70% ОРГАНИЧЕСКИЙ ХЛОПОК, 30% ПОЛИЭСТЕР;ДЖУНИОР РЕПАБЛИК ООО;Tommy Hilfiger Europe B.V.;ИНДИЯ;;8909.42;;1;;2;
464;KB0KB05864*C87*14;C87;14;445;1;Tommy Hilfiger;Одежда;Брюки спортивные;65% ОРГАНИЧЕСКИЙ ХЛОПОК, 30% ПОЛИЭСТЕР, 5% ЭЛАСТАН;ДЖУНИОР РЕПАБЛИК ООО;Tommy Hilfiger Europe B.V.;ИНДИЯ;;7636.64;;1;;2;
465;KB0KB05884*L57*12;L57;12;436;1;Tommy Hilfiger;Верхняя одежда;Куртка пуховая;100% полиамид;ДЖУНИОР РЕПАБЛИК ООО;Tommy Hilfiger Europe B.V.;КИТАЙ;;20283.68;;1;;2;
466;KS0KS00129*L57*16;L57;16;418;3;Tommy Hilfiger;Верхняя одежда;Куртка бомбер;100% полиэстер;ДЖУНИОР РЕПАБЛИК ООО;Tommy Hilfiger Europe B.V.;КИТАЙ;;24102.00;;1;;2;
467;KB0KB05860*0GY*16;0GY;16;375;1;Tommy Hilfiger;Одежда;Футболка с коротким рукавом;100% Органический хлопок;ДЖУНИОР РЕПАБЛИК ООО;Tommy Hilfiger Europe B.V.;БАНГЛАДЕШ;;5091.10;;1;;2;
468;KS0KS00129*YBR*12;YBR;12;535;3;Tommy Hilfiger;Верхняя одежда;Куртка бомбер;100% полиэстер;ДЖУНИОР РЕПАБЛИК ООО;Tommy Hilfiger Europe B.V.;КИТАЙ;;24102.00;;1;;2;
469;KB0KB05853*YBR*8;YBR;8;;1;Tommy Hilfiger;Одежда;Футболка с коротким рукавом;100% Органический хлопок;ДЖУНИОР РЕПАБЛИК ООО;Tommy Hilfiger Europe B.V.;ТУРЦИЯ;0;5727.48;;1;;2;
470;KG0KG05265*PE6*12;PE6;12;442;2;Tommy Hilfiger;Верхняя одежда;Куртка пуховая;100% полиамид;ДЖУНИОР РЕПАБЛИК ООО;Tommy Hilfiger Europe B.V.;КИТАЙ;;21556.46;;1;;2;
471;KB0KB05848*XNL*14;XNL;14;523;1;Tommy Hilfiger;Одежда;Футболка с коротким рукавом;100% Органический хлопок;ДЖУНИОР РЕПАБЛИК ООО;Tommy Hilfiger Europe B.V.;БАНГЛАДЕШ;;4454.71;;1;;2;
472;KG0KG05315*1BJ*8;1BJ;8;;2;Tommy Hilfiger;Одежда;Юбка;74% Хлопок, 25% Полиэстер, 1% Эластан;ДЖУНИОР РЕПАБЛИК ООО;Tommy Hilfiger Europe B.V.;БАНГЛАДЕШ;0;7636.64;;1;;2;
473;KB0KB05883*C4X*10;C4X;10;512;1;Tommy Hilfiger;Верхняя одежда;Куртка пуховая;100% полиэстер;ДЖУНИОР РЕПАБЛИК ООО;Tommy Hilfiger Europe B.V.;КИТАЙ;;25374.78;;1;;2;
474;KB0KB05805*C87*8;C87;8;;1;Tommy Hilfiger;Одежда;Толстовка-свитшот;70% ОРГАНИЧЕСКИЙ ХЛОПОК, 30% ПОЛИЭСТЕР;ДЖУНИОР РЕПАБЛИК ООО;Tommy Hilfiger Europe B.V.;ИНДИЯ;0;9545.81;;1;;2;
475;KB0KB05864*P6U*8;P6U;8;;1;Tommy Hilfiger;Одежда;Брюки спортивные;65% ОРГАНИЧЕСКИЙ ХЛОПОК, 30% ПОЛИЭСТЕР, 5% ЭЛАСТАН;ДЖУНИОР РЕПАБЛИК ООО;Tommy Hilfiger Europe B.V.;ИНДИЯ;0;7636.64;;1;;2;
476;KB0KB05803*YBR*8;YBR;8;;1;Tommy Hilfiger;Одежда;Толстовка-свитшот;70% ОРГАНИЧЕСКИЙ ХЛОПОК, 30% ПОЛИЭСТЕР;ДЖУНИОР РЕПАБЛИК ООО;Tommy Hilfiger Europe B.V.;ИНДИЯ;0;8909.42;;1;;2;
477;KB0KB05796*L3V*14;L3V;14;427;1;Tommy Hilfiger;Одежда;Толстовка c капюшоном;65% ОРГАНИЧЕСКИЙ ХЛОПОК, 30% ПОЛИЭСТЕР, 5% ЭЛАСТАН;ДЖУНИОР РЕПАБЛИК ООО;Tommy Hilfiger Europe B.V.;ИНДИЯ;;8273.03;;1;;2;
478;KG0KG05262*C87*16;C87;16;341;2;Tommy Hilfiger;Верхняя одежда;Куртка ветровка;100% полиэстер;ДЖУНИОР РЕПАБЛИК ООО;Tommy Hilfiger Europe B.V.;КИТАЙ;;12727.74;;1;;2;
479;KB0KB05911*C87*14;C87;14;455;1;Tommy Hilfiger;Одежда;Брюки;97% хлопок, 3% эластан;ДЖУНИОР РЕПАБЛИК ООО;Tommy Hilfiger Europe B.V.;ШРИ-ЛАНКА;;8909.42;;1;;2;
480;KS0KS00129*YBR*14;YBR;14;535;3;Tommy Hilfiger;Верхняя одежда;Куртка бомбер;100% полиэстер;ДЖУНИОР РЕПАБЛИК ООО;Tommy Hilfiger Europe B.V.;КИТАЙ;;24102.00;;1;;2;
481;KB0KB05803*YBR*12;YBR;12;476;1;Tommy Hilfiger;Одежда;Толстовка-свитшот;70% ОРГАНИЧЕСКИЙ ХЛОПОК, 30% ПОЛИЭСТЕР;ДЖУНИОР РЕПАБЛИК ООО;Tommy Hilfiger Europe B.V.;ИНДИЯ;;8909.42;;1;;2;
482;KG0KG05326*C87*16;C87;16;542;2;Tommy Hilfiger;Верхняя одежда;Куртка пальто;65% ПОЛИЭСТЕР, 35% ПЕРЕРАБОТАННЫЙ ПОЛИЭСТЕР;ДЖУНИОР РЕПАБЛИК ООО;Tommy Hilfiger Europe B.V.;КИТАЙ;;25374.78;;1;;2;
483;KG0KG05282*C87*16;C87;16;541;2;Tommy Hilfiger;Одежда;Платье;95% органический хлопок, 5% эластан;ДЖУНИОР РЕПАБЛИК ООО;Tommy Hilfiger Europe B.V.;КИТАЙ;;10818.58;;1;;2;
484;KB0KB05825*C4X*16;C4X;16;409;1;Tommy Hilfiger;Одежда;Рубашка с длинным рукавом;100% хлопок;ДЖУНИОР РЕПАБЛИК ООО;Tommy Hilfiger Europe B.V.;ИНДИЯ;;10818.58;;1;;2;
485;KG0KG05192*1BJ*10;1BJ;10;;2;Tommy Hilfiger;Одежда;Джинсы скини;74% Хлопок, 25% Полиэстер, 1% Эластан;ДЖУНИОР РЕПАБЛИК ООО;Tommy Hilfiger Europe B.V.;БАНГЛАДЕШ;0;7636.64;;1;;2;
486;KB0KB05784*1A4*12;1A4;12;495;1;Tommy Hilfiger;Одежда;Джинсы прямые;74% Хлопок, 25% Полиэстер, 1% Эластан;ДЖУНИОР РЕПАБЛИК ООО;Tommy Hilfiger Europe B.V.;БАНГЛАДЕШ;;7636.64;;1;;2;
487;KG0KG05251*XNL*10;XNL;10;349;2;Tommy Hilfiger;Одежда;Футболка с коротким рукавом;100% Органический хлопок;ДЖУНИОР РЕПАБЛИК ООО;Tommy Hilfiger Europe B.V.;БАНГЛАДЕШ;;5091.10;;1;;2;
488;KB0KB05848*C4X*14;C4X;14;382;1;Tommy Hilfiger;Одежда;Футболка с коротким рукавом;100% Органический хлопок;ДЖУНИОР РЕПАБЛИК ООО;Tommy Hilfiger Europe B.V.;БАНГЛАДЕШ;;4454.71;;1;;2;
489;KB0KB05853*XNL*10;XNL;10;385;1;Tommy Hilfiger;Одежда;Футболка с коротким рукавом;100% Органический хлопок;ДЖУНИОР РЕПАБЛИК ООО;Tommy Hilfiger Europe B.V.;ТУРЦИЯ;;5727.48;;1;;2;
490;KG0KG05265*PE6*10;PE6;10;442;2;Tommy Hilfiger;Верхняя одежда;Куртка пуховая;100% полиамид;ДЖУНИОР РЕПАБЛИК ООО;Tommy Hilfiger Europe B.V.;КИТАЙ;;21556.46;;1;;2;
491;KG0KG05251*C87*8;C87;8;;2;Tommy Hilfiger;Одежда;Футболка с коротким рукавом;100% Органический хлопок;ДЖУНИОР РЕПАБЛИК ООО;Tommy Hilfiger Europe B.V.;БАНГЛАДЕШ;0;5091.10;;1;;2;
492;KB0KB05848*XNL*16;XNL;16;523;1;Tommy Hilfiger;Одежда;Футболка с коротким рукавом;100% Органический хлопок;ДЖУНИОР РЕПАБЛИК ООО;Tommy Hilfiger Europe B.V.;БАНГЛАДЕШ;;4454.71;;1;;2;
493;KB0KB05854*C4X*10;C4X;10;394;1;Tommy Hilfiger;Одежда;Футболка с коротким рукавом;100% хлопок;ДЖУНИОР РЕПАБЛИК ООО;Tommy Hilfiger Europe B.V.;БАНГЛАДЕШ;;5091.10;;1;;2;
494;KB0KB05883*XNL*8;XNL;8;;1;Tommy Hilfiger;Верхняя одежда;Куртка пуховая;100% полиэстер;ДЖУНИОР РЕПАБЛИК ООО;Tommy Hilfiger Europe B.V.;КИТАЙ;0;25374.78;;1;;2;
495;KB0KB05784*1A4*8;1A4;8;;1;Tommy Hilfiger;Одежда;Джинсы прямые;74% Хлопок, 25% Полиэстер, 1% Эластан;ДЖУНИОР РЕПАБЛИК ООО;Tommy Hilfiger Europe B.V.;БАНГЛАДЕШ;0;7636.64;;1;;2;
496;KB0KB05792*1A5*16;1A5;16;528;1;Tommy Hilfiger;Одежда;Джинсы скини;72% ХЛОПОК, 20% ПЕРЕРАБОТАННЫЙ ХЛОПОК, 4% ПОЛИЭСТЕР, 4% ЭЛАСТАН;ДЖУНИОР РЕПАБЛИК ООО;Tommy Hilfiger Europe B.V.;ТУНИС;;10182.19;;1;;2;
497;KG0KG05219*XNL*10;XNL;10;342;2;Tommy Hilfiger;Одежда;Толстовка c капюшоном;90% органический хлопок, 10% полиэстер;ДЖУНИОР РЕПАБЛИК ООО;Tommy Hilfiger Europe B.V.;ИНДИЯ;;10182.19;;1;;2;
498;KB0KB05792*1A5*12;1A5;12;528;1;Tommy Hilfiger;Одежда;Джинсы скини;72% ХЛОПОК, 20% ПЕРЕРАБОТАННЫЙ ХЛОПОК, 4% ПОЛИЭСТЕР, 4% ЭЛАСТАН;ДЖУНИОР РЕПАБЛИК ООО;Tommy Hilfiger Europe B.V.;ТУНИС;;10182.19;;1;;2;
499;KB0KB05864*C87*16;C87;16;445;1;Tommy Hilfiger;Одежда;Брюки спортивные;65% ОРГАНИЧЕСКИЙ ХЛОПОК, 30% ПОЛИЭСТЕР, 5% ЭЛАСТАН;ДЖУНИОР РЕПАБЛИК ООО;Tommy Hilfiger Europe B.V.;ИНДИЯ;;7636.64;;1;;2;
500;KB0KB05796*L3V*12;L3V;12;427;1;Tommy Hilfiger;Одежда;Толстовка c капюшоном;65% ОРГАНИЧЕСКИЙ ХЛОПОК, 30% ПОЛИЭСТЕР, 5% ЭЛАСТАН;ДЖУНИОР РЕПАБЛИК ООО;Tommy Hilfiger Europe B.V.;ИНДИЯ;;8273.03;;1;;2;
501;KG0KG05219*XNL*14;XNL;14;342;2;Tommy Hilfiger;Одежда;Толстовка c капюшоном;90% органический хлопок, 10% полиэстер;ДЖУНИОР РЕПАБЛИК ООО;Tommy Hilfiger Europe B.V.;ИНДИЯ;;10182.19;;1;;2;
502;KG0KG05282*C87*10;C87;10;541;2;Tommy Hilfiger;Одежда;Платье;95% органический хлопок, 5% эластан;ДЖУНИОР РЕПАБЛИК ООО;Tommy Hilfiger Europe B.V.;КИТАЙ;;10818.58;;1;;2;
503;KB0KB05792*1A5*14;1A5;14;528;1;Tommy Hilfiger;Одежда;Джинсы скини;72% ХЛОПОК, 20% ПЕРЕРАБОТАННЫЙ ХЛОПОК, 4% ПОЛИЭСТЕР, 4% ЭЛАСТАН;ДЖУНИОР РЕПАБЛИК ООО;Tommy Hilfiger Europe B.V.;ТУНИС;;10182.19;;1;;2;
504;KG0KG05199*1BJ*10;1BJ;10;509;2;Tommy Hilfiger;Одежда;Джинсы клеш;79% Хлопок, 20% Переработанный хлопок, 1% Эластан;ДЖУНИОР РЕПАБЛИК ООО;Tommy Hilfiger Europe B.V.;ТУНИС;;10182.19;;1;;2;
505;KG0KG05326*C87*14;C87;14;542;2;Tommy Hilfiger;Верхняя одежда;Куртка пальто;65% ПОЛИЭСТЕР, 35% ПЕРЕРАБОТАННЫЙ ПОЛИЭСТЕР;ДЖУНИОР РЕПАБЛИК ООО;Tommy Hilfiger Europe B.V.;КИТАЙ;;25374.78;;1;;2;
506;KG0KG05262*C87*14;C87;14;341;2;Tommy Hilfiger;Верхняя одежда;Куртка ветровка;100% полиэстер;ДЖУНИОР РЕПАБЛИК ООО;Tommy Hilfiger Europe B.V.;КИТАЙ;;12727.74;;1;;2;
507;KB0KB05907*YBR*8;YBR;8;;1;Tommy Hilfiger;Одежда;Поло с коротким рукавом;100% Органический хлопок;ДЖУНИОР РЕПАБЛИК ООО;Tommy Hilfiger Europe B.V.;БАНГЛАДЕШ;0;7636.64;;1;;2;
508;KB0KB05883*C4X*12;C4X;12;512;1;Tommy Hilfiger;Верхняя одежда;Куртка пуховая;100% полиэстер;ДЖУНИОР РЕПАБЛИК ООО;Tommy Hilfiger Europe B.V.;КИТАЙ;;25374.78;;1;;2;
509;KG0KG05199*1BJ*8;1BJ;8;;2;Tommy Hilfiger;Одежда;Джинсы клеш;79% Хлопок, 20% Переработанный хлопок, 1% Эластан;ДЖУНИОР РЕПАБЛИК ООО;Tommy Hilfiger Europe B.V.;ТУНИС;0;10182.19;;1;;2;
510;KB0KB05825*C4X*10;C4X;10;409;1;Tommy Hilfiger;Одежда;Рубашка с длинным рукавом;100% хлопок;ДЖУНИОР РЕПАБЛИК ООО;Tommy Hilfiger Europe B.V.;ИНДИЯ;;10818.58;;1;;2;
511;KB0KB05864*C87*10;C87;10;445;1;Tommy Hilfiger;Одежда;Брюки спортивные;65% ОРГАНИЧЕСКИЙ ХЛОПОК, 30% ПОЛИЭСТЕР, 5% ЭЛАСТАН;ДЖУНИОР РЕПАБЛИК ООО;Tommy Hilfiger Europe B.V.;ИНДИЯ;;7636.64;;1;;2;
512;KB0KB05883*C4X*8;C4X;8;;1;Tommy Hilfiger;Верхняя одежда;Куртка пуховая;100% полиэстер;ДЖУНИОР РЕПАБЛИК ООО;Tommy Hilfiger Europe B.V.;КИТАЙ;0;25374.78;;1;;2;
513;KG0KG05315*1BJ*12;1BJ;12;472;2;Tommy Hilfiger;Одежда;Юбка;74% Хлопок, 25% Полиэстер, 1% Эластан;ДЖУНИОР РЕПАБЛИК ООО;Tommy Hilfiger Europe B.V.;БАНГЛАДЕШ;;7636.64;;1;;2;
514;KB0KB05786*1BK*10;1BK;10;355;1;Tommy Hilfiger;Одежда;Джинсы слимы;79% Хлопок, 20% Переработанный хлопок, 1% Эластан;ДЖУНИОР РЕПАБЛИК ООО;Tommy Hilfiger Europe B.V.;ТУНИС;;8909.42;;1;;2;
515;KB0KB05825*C4X*14;C4X;14;409;1;Tommy Hilfiger;Одежда;Рубашка с длинным рукавом;100% хлопок;ДЖУНИОР РЕПАБЛИК ООО;Tommy Hilfiger Europe B.V.;ИНДИЯ;;10818.58;;1;;2;
516;KB0KB05814*C87*8;C87;8;;1;Tommy Hilfiger;Одежда;Свитер;100% хлопок;ДЖУНИОР РЕПАБЛИК ООО;Tommy Hilfiger Europe B.V.;КИТАЙ;0;11454.97;;1;;2;
517;KG0KG05332*YBR*12;YBR;12;401;2;Tommy Hilfiger;Одежда;Футболка с коротким рукавом;50% ОРГАНИЧЕСКИЙ ХЛОПОК, 47% ПОЛИЭСТЕР, 3% ПОЛИАМИД;ДЖУНИОР РЕПАБЛИК ООО;Tommy Hilfiger Europe B.V.;ТУРЦИЯ;;4454.71;;1;;2;
518;KG0KG05269*C87*10;C87;10;345;2;Tommy Hilfiger;Верхняя одежда;Куртка пальто;67% хлопок, 33% полиамид;ДЖУНИОР РЕПАБЛИК ООО;Tommy Hilfiger Europe B.V.;КИТАЙ;;25374.78;;1;;2;
519;KB0KB05854*C4X*14;C4X;14;394;1;Tommy Hilfiger;Одежда;Футболка с коротким рукавом;100% хлопок;ДЖУНИОР РЕПАБЛИК ООО;Tommy Hilfiger Europe B.V.;БАНГЛАДЕШ;;5091.10;;1;;2;
520;KG0KG05269*C87*14;C87;14;345;2;Tommy Hilfiger;Верхняя одежда;Куртка пальто;67% хлопок, 33% полиамид;ДЖУНИОР РЕПАБЛИК ООО;Tommy Hilfiger Europe B.V.;КИТАЙ;;25374.78;;1;;2;
521;KB0KB05853*XNL*16;XNL;16;385;1;Tommy Hilfiger;Одежда;Футболка с коротким рукавом;100% Органический хлопок;ДЖУНИОР РЕПАБЛИК ООО;Tommy Hilfiger Europe B.V.;ТУРЦИЯ;;5727.48;;1;;2;
522;KB0KB05783*1BJ*8;1BJ;8;;1;Tommy Hilfiger;Одежда;Джинсы слимы;74% Хлопок, 25% Полиэстер, 1% Эластан;ДЖУНИОР РЕПАБЛИК ООО;Tommy Hilfiger Europe B.V.;БАНГЛАДЕШ;0;7636.64;;1;;2;
523;KB0KB05848*XNL*8;XNL;8;;1;Tommy Hilfiger;Одежда;Футболка с коротким рукавом;100% Органический хлопок;ДЖУНИОР РЕПАБЛИК ООО;Tommy Hilfiger Europe B.V.;БАНГЛАДЕШ;0;4454.71;;1;;2;
524;KG0KG05265*PE6*14;PE6;14;442;2;Tommy Hilfiger;Верхняя одежда;Куртка пуховая;100% полиамид;ДЖУНИОР РЕПАБЛИК ООО;Tommy Hilfiger Europe B.V.;КИТАЙ;;21556.46;;1;;2;
525;KB0KB05853*XNL*12;XNL;12;385;1;Tommy Hilfiger;Одежда;Футболка с коротким рукавом;100% Органический хлопок;ДЖУНИОР РЕПАБЛИК ООО;Tommy Hilfiger Europe B.V.;ТУРЦИЯ;;5727.48;;1;;2;
526;KG0KG05251*C87*16;C87;16;491;2;Tommy Hilfiger;Одежда;Футболка с коротким рукавом;100% Органический хлопок;ДЖУНИОР РЕПАБЛИК ООО;Tommy Hilfiger Europe B.V.;БАНГЛАДЕШ;;5091.10;;1;;2;
527;KB0KB05848*C4X*12;C4X;12;382;1;Tommy Hilfiger;Одежда;Футболка с коротким рукавом;100% Органический хлопок;ДЖУНИОР РЕПАБЛИК ООО;Tommy Hilfiger Europe B.V.;БАНГЛАДЕШ;;4454.71;;1;;2;
528;KB0KB05792*1A5*8;1A5;8;;1;Tommy Hilfiger;Одежда;Джинсы скини;72% ХЛОПОК, 20% ПЕРЕРАБОТАННЫЙ ХЛОПОК, 4% ПОЛИЭСТЕР, 4% ЭЛАСТАН;ДЖУНИОР РЕПАБЛИК ООО;Tommy Hilfiger Europe B.V.;ТУНИС;0;10182.19;;1;;2;
529;KB0KB05786*1BK*14;1BK;14;355;1;Tommy Hilfiger;Одежда;Джинсы слимы;79% Хлопок, 20% Переработанный хлопок, 1% Эластан;ДЖУНИОР РЕПАБЛИК ООО;Tommy Hilfiger Europe B.V.;ТУНИС;;8909.42;;1;;2;
530;KB0KB05814*C87*14;C87;14;516;1;Tommy Hilfiger;Одежда;Свитер;100% хлопок;ДЖУНИОР РЕПАБЛИК ООО;Tommy Hilfiger Europe B.V.;КИТАЙ;;11454.97;;1;;2;
531;KB0KB05885*C87*12;C87;12;398;1;Tommy Hilfiger;Верхняя одежда;Куртка бомбер;67% хлопок, 33% полиамид;ДЖУНИОР РЕПАБЛИК ООО;Tommy Hilfiger Europe B.V.;КИТАЙ;;25374.78;;1;;2;
532;KB0KB05833*XNL*10;XNL;10;402;1;Tommy Hilfiger;Одежда;Поло с коротким рукавом;100% Органический хлопок;ДЖУНИОР РЕПАБЛИК ООО;Tommy Hilfiger Europe B.V.;ИНДИЯ;;7636.64;;1;;2;
533;KG0KG05282*C87*12;C87;12;541;2;Tommy Hilfiger;Одежда;Платье;95% органический хлопок, 5% эластан;ДЖУНИОР РЕПАБЛИК ООО;Tommy Hilfiger Europe B.V.;КИТАЙ;;10818.58;;1;;2;
534;KB0KB05805*C87*16;C87;16;474;1;Tommy Hilfiger;Одежда;Толстовка-свитшот;70% ОРГАНИЧЕСКИЙ ХЛОПОК, 30% ПОЛИЭСТЕР;ДЖУНИОР РЕПАБЛИК ООО;Tommy Hilfiger Europe B.V.;ИНДИЯ;;9545.81;;1;;2;
535;KS0KS00129*YBR*8;YBR;8;;3;Tommy Hilfiger;Верхняя одежда;Куртка бомбер;100% полиэстер;ДЖУНИОР РЕПАБЛИК ООО;Tommy Hilfiger Europe B.V.;КИТАЙ;0;24102.00;;1;;2;
536;KG0KG05251*C87*10;C87;10;491;2;Tommy Hilfiger;Одежда;Футболка с коротким рукавом;100% Органический хлопок;ДЖУНИОР РЕПАБЛИК ООО;Tommy Hilfiger Europe B.V.;БАНГЛАДЕШ;;5091.10;;1;;2;
537;KB0KB05883*C4X*16;C4X;16;512;1;Tommy Hilfiger;Верхняя одежда;Куртка пуховая;100% полиэстер;ДЖУНИОР РЕПАБЛИК ООО;Tommy Hilfiger Europe B.V.;КИТАЙ;;25374.78;;1;;2;
538;KB0KB05864*P6U*14;P6U;14;475;1;Tommy Hilfiger;Одежда;Брюки спортивные;65% ОРГАНИЧЕСКИЙ ХЛОПОК, 30% ПОЛИЭСТЕР, 5% ЭЛАСТАН;ДЖУНИОР РЕПАБЛИК ООО;Tommy Hilfiger Europe B.V.;ИНДИЯ;;7636.64;;1;;2;
539;KB0KB05907*YBR*10;YBR;10;507;1;Tommy Hilfiger;Одежда;Поло с коротким рукавом;100% Органический хлопок;ДЖУНИОР РЕПАБЛИК ООО;Tommy Hilfiger Europe B.V.;БАНГЛАДЕШ;;7636.64;;1;;2;
540;KB0KB05850*YBR*10;YBR;10;353;1;Tommy Hilfiger;Одежда;Футболка с длинным рукавом;100% хлопок;ДЖУНИОР РЕПАБЛИК ООО;Tommy Hilfiger Europe B.V.;БАНГЛАДЕШ;;5727.48;;1;;2;
541;KG0KG05282*C87*8;C87;8;;2;Tommy Hilfiger;Одежда;Платье;95% органический хлопок, 5% эластан;ДЖУНИОР РЕПАБЛИК ООО;Tommy Hilfiger Europe B.V.;КИТАЙ;0;10818.58;;1;;2;
542;KG0KG05326*C87*8;C87;8;;2;Tommy Hilfiger;Верхняя одежда;Куртка пальто;65% ПОЛИЭСТЕР, 35% ПЕРЕРАБОТАННЫЙ ПОЛИЭСТЕР;ДЖУНИОР РЕПАБЛИК ООО;Tommy Hilfiger Europe B.V.;КИТАЙ;0;25374.78;;1;;2;
543;KB0KB05911*C87*10;C87;10;455;1;Tommy Hilfiger;Одежда;Брюки;97% хлопок, 3% эластан;ДЖУНИОР РЕПАБЛИК ООО;Tommy Hilfiger Europe B.V.;ШРИ-ЛАНКА;;8909.42;;1;;2;
544;KG0KG05315*1BJ*14;1BJ;14;472;2;Tommy Hilfiger;Одежда;Юбка;74% Хлопок, 25% Полиэстер, 1% Эластан;ДЖУНИОР РЕПАБЛИК ООО;Tommy Hilfiger Europe B.V.;БАНГЛАДЕШ;;7636.64;;1;;2;
545;KB0KB05810*YBR*10;YBR;10;378;1;Tommy Hilfiger;Одежда;Толстовка на молнии;100% Органический хлопок;ДЖУНИОР РЕПАБЛИК ООО;Tommy Hilfiger Europe B.V.;ТУРЦИЯ;;10182.19;;1;;2;
546;KB0KB05783*1BJ*10;1BJ;10;522;1;Tommy Hilfiger;Одежда;Джинсы слимы;74% Хлопок, 25% Полиэстер, 1% Эластан;ДЖУНИОР РЕПАБЛИК ООО;Tommy Hilfiger Europe B.V.;БАНГЛАДЕШ;;7636.64;;1;;2;
547;KB0KB05833*XNL*16;XNL;16;402;1;Tommy Hilfiger;Одежда;Поло с коротким рукавом;100% Органический хлопок;ДЖУНИОР РЕПАБЛИК ООО;Tommy Hilfiger Europe B.V.;ИНДИЯ;;7636.64;;1;;2;
548;KB0KB05864*C87*12;C87;12;445;1;Tommy Hilfiger;Одежда;Брюки спортивные;65% ОРГАНИЧЕСКИЙ ХЛОПОК, 30% ПОЛИЭСТЕР, 5% ЭЛАСТАН;ДЖУНИОР РЕПАБЛИК ООО;Tommy Hilfiger Europe B.V.;ИНДИЯ;;7636.64;;1;;2;
549;KB0KB05850*YBR*16;YBR;16;353;1;Tommy Hilfiger;Одежда;Футболка с длинным рукавом;100% хлопок;ДЖУНИОР РЕПАБЛИК ООО;Tommy Hilfiger Europe B.V.;БАНГЛАДЕШ;;5727.48;;1;;2;
550;KG0KG05263*C87*16;C87;16;358;2;Tommy Hilfiger;Верхняя одежда;Куртка бомбер;100% полиамид;ДЖУНИОР РЕПАБЛИК ООО;Tommy Hilfiger Europe B.V.;КИТАЙ;;24102.00;;1;;2;
551;KB0KB05805*C87*10;C87;10;474;1;Tommy Hilfiger;Одежда;Толстовка-свитшот;70% ОРГАНИЧЕСКИЙ ХЛОПОК, 30% ПОЛИЭСТЕР;ДЖУНИОР РЕПАБЛИК ООО;Tommy Hilfiger Europe B.V.;ИНДИЯ;;9545.81;;1;;2;
552;KG0KG05192*1BJ*12;1BJ;12;485;2;Tommy Hilfiger;Одежда;Джинсы скини;74% Хлопок, 25% Полиэстер, 1% Эластан;ДЖУНИОР РЕПАБЛИК ООО;Tommy Hilfiger Europe B.V.;БАНГЛАДЕШ;;7636.64;;1;;2;
553;KB0KB05884*L57*10;L57;10;436;1;Tommy Hilfiger;Верхняя одежда;Куртка пуховая;100% полиамид;ДЖУНИОР РЕПАБЛИК ООО;Tommy Hilfiger Europe B.V.;КИТАЙ;;20283.68;;1;;2;
554;KB0KB05814*C87*12;C87;12;516;1;Tommy Hilfiger;Одежда;Свитер;100% хлопок;ДЖУНИОР РЕПАБЛИК ООО;Tommy Hilfiger Europe B.V.;КИТАЙ;;11454.97;;1;;2;
555;KB0KB05853*YBR*14;YBR;14;469;1;Tommy Hilfiger;Одежда;Футболка с коротким рукавом;100% Органический хлопок;ДЖУНИОР РЕПАБЛИК ООО;Tommy Hilfiger Europe B.V.;ТУРЦИЯ;;5727.48;;1;;2;
556;KB0KB05792*1A5*10;1A5;10;528;1;Tommy Hilfiger;Одежда;Джинсы скини;72% ХЛОПОК, 20% ПЕРЕРАБОТАННЫЙ ХЛОПОК, 4% ПОЛИЭСТЕР, 4% ЭЛАСТАН;ДЖУНИОР РЕПАБЛИК ООО;Tommy Hilfiger Europe B.V.;ТУНИС;;10182.19;;1;;2;