id;articule;code;colorcode;size;isfirstsize;gender;brand;group;item;consist;provider;manufacturer;country;hasimage;price;count;year;season;description
338;KB0KB05860-0GY-12;KB0KB05860;0GY;12;0;B;Tommy Hilfiger;Одежда;Футболка с коротким рукавом;100% Органический хлопок;ДЖУНИОР РЕПАБЛИК ООО;Tommy Hilfiger Europe B.V.;БАНГЛАДЕШ;0;5091.10;1;2020;2;
339;KB0KB05907-YBR-14;KB0KB05907;YBR;14;0;B;Tommy Hilfiger;Одежда;Поло с коротким рукавом;100% Органический хлопок;ДЖУНИОР РЕПАБЛИК ООО;Tommy Hilfiger Europe B.V.;БАНГЛАДЕШ;0;7636.64;1;2020;2;
340;KG0KG05326-C87-10;KG0KG05326;C87;10;0;G;Tommy Hilfiger;Верхняя одежда;Куртка пальто;65% ПОЛИЭСТЕР, 35% ПЕРЕРАБОТАННЫЙ ПОЛИЭСТЕР;ДЖУНИОР РЕПАБЛИК ООО;Tommy Hilfiger Europe B.V.;КИТАЙ;0;25374.78;1;2020;2;
341;KG0KG05262-C87-8;KG0KG05262;C87;8;1;G;Tommy Hilfiger;Верхняя одежда;Куртка ветровка;100% полиэстер;ДЖУНИОР РЕПАБЛИК ООО;Tommy Hilfiger Europe B.V.;КИТАЙ;0;12727.74;1;2020;2;
342;KG0KG05219-XNL-8;KG0KG05219;XNL;8;1;G;Tommy Hilfiger;Одежда;Толстовка c капюшоном;90% органический хлопок, 10% полиэстер;ДЖУНИОР РЕПАБЛИК ООО;Tommy Hilfiger Europe B.V.;ИНДИЯ;0;10182.19;1;2020;2;
343;KB0KB05864-P6U-16;KB0KB05864;P6U;16;0;B;Tommy Hilfiger;Одежда;Брюки спортивные;65% ОРГАНИЧЕСКИЙ ХЛОПОК, 30% ПОЛИЭСТЕР, 5% ЭЛАСТАН;ДЖУНИОР РЕПАБЛИК ООО;Tommy Hilfiger Europe B.V.;ИНДИЯ;0;7636.64;1;2020;2;
344;KB0KB05860-0GY-10;KB0KB05860;0GY;10;0;B;Tommy Hilfiger;Одежда;Футболка с коротким рукавом;100% Органический хлопок;ДЖУНИОР РЕПАБЛИК ООО;Tommy Hilfiger Europe B.V.;БАНГЛАДЕШ;0;5091.10;1;2020;2;
345;KG0KG05269-C87-8;KG0KG05269;C87;8;1;G;Tommy Hilfiger;Верхняя одежда;Куртка пальто;67% хлопок, 33% полиамид;ДЖУНИОР РЕПАБЛИК ООО;Tommy Hilfiger Europe B.V.;КИТАЙ;0;25374.78;1;2020;2;
346;KB0KB05783-1BJ-16;KB0KB05783;1BJ;16;0;B;Tommy Hilfiger;Одежда;Джинсы слимы;74% Хлопок, 25% Полиэстер, 1% Эластан;ДЖУНИОР РЕПАБЛИК ООО;Tommy Hilfiger Europe B.V.;БАНГЛАДЕШ;0;7636.64;1;2020;2;
347;KB0KB05810-YBR-16;KB0KB05810;YBR;16;0;B;Tommy Hilfiger;Одежда;Толстовка на молнии;100% Органический хлопок;ДЖУНИОР РЕПАБЛИК ООО;Tommy Hilfiger Europe B.V.;ТУРЦИЯ;0;10182.19;1;2020;2;
348;KG0KG05332-YBR-10;KG0KG05332;YBR;10;0;G;Tommy Hilfiger;Одежда;Футболка с коротким рукавом;50% ОРГАНИЧЕСКИЙ ХЛОПОК, 47% ПОЛИЭСТЕР, 3% ПОЛИАМИД;ДЖУНИОР РЕПАБЛИК ООО;Tommy Hilfiger Europe B.V.;ТУРЦИЯ;0;4454.71;1;2020;2;
349;KG0KG05251-XNL-8;KG0KG05251;XNL;8;1;G;Tommy Hilfiger;Одежда;Футболка с коротким рукавом;100% Органический хлопок;ДЖУНИОР РЕПАБЛИК ООО;Tommy Hilfiger Europe B.V.;БАНГЛАДЕШ;0;5091.10;1;2020;2;
350;KB0KB05833-XNL-14;KB0KB05833;XNL;14;0;B;Tommy Hilfiger;Одежда;Поло с коротким рукавом;100% Органический хлопок;ДЖУНИОР РЕПАБЛИК ООО;Tommy Hilfiger Europe B.V.;ИНДИЯ;0;7636.64;1;2020;2;
351;KG0KG05198-1A6-10;KG0KG05198;1A6;10;0;G;Tommy Hilfiger;Одежда;Джинсы прямые;98% хлопок, 2% эластан;ДЖУНИОР РЕПАБЛИК ООО;Tommy Hilfiger Europe B.V.;ТУНИС;0;8909.42;1;2020;2;
352;KS0KS00129-YBR-16;KS0KS00129;YBR;16;0;U;Tommy Hilfiger;Верхняя одежда;Куртка бомбер;100% полиэстер;ДЖУНИОР РЕПАБЛИК ООО;Tommy Hilfiger Europe B.V.;КИТАЙ;0;24102.00;1;2020;2;
353;KB0KB05850-YBR-8;KB0KB05850;YBR;8;1;B;Tommy Hilfiger;Одежда;Футболка с длинным рукавом;100% хлопок;ДЖУНИОР РЕПАБЛИК ООО;Tommy Hilfiger Europe B.V.;БАНГЛАДЕШ;0;5727.48;1;2020;2;
354;KG0KG05251-C87-14;KG0KG05251;C87;14;0;G;Tommy Hilfiger;Одежда;Футболка с коротким рукавом;100% Органический хлопок;ДЖУНИОР РЕПАБЛИК ООО;Tommy Hilfiger Europe B.V.;БАНГЛАДЕШ;0;5091.10;1;2020;2;
355;KB0KB05786-1BK-8;KB0KB05786;1BK;8;1;B;Tommy Hilfiger;Одежда;Джинсы слимы;79% Хлопок, 20% Переработанный хлопок, 1% Эластан;ДЖУНИОР РЕПАБЛИК ООО;Tommy Hilfiger Europe B.V.;ТУНИС;0;8909.42;1;2020;2;
356;KB0KB05848-C4X-16;KB0KB05848;C4X;16;0;B;Tommy Hilfiger;Одежда;Футболка с коротким рукавом;100% Органический хлопок;ДЖУНИОР РЕПАБЛИК ООО;Tommy Hilfiger Europe B.V.;БАНГЛАДЕШ;0;4454.71;1;2020;2;
357;KB0KB05853-YBR-10;KB0KB05853;YBR;10;0;B;Tommy Hilfiger;Одежда;Футболка с коротким рукавом;100% Органический хлопок;ДЖУНИОР РЕПАБЛИК ООО;Tommy Hilfiger Europe B.V.;ТУРЦИЯ;0;5727.48;1;2020;2;
358;KG0KG05263-C87-8;KG0KG05263;C87;8;1;G;Tommy Hilfiger;Верхняя одежда;Куртка бомбер;100% полиамид;ДЖУНИОР РЕПАБЛИК ООО;Tommy Hilfiger Europe B.V.;КИТАЙ;0;24102.00;1;2020;2;
359;KB0KB05850-YBR-12;KB0KB05850;YBR;12;0;B;Tommy Hilfiger;Одежда;Футболка с длинным рукавом;100% хлопок;ДЖУНИОР РЕПАБЛИК ООО;Tommy Hilfiger Europe B.V.;БАНГЛАДЕШ;0;5727.48;1;2020;2;
360;KG0KG05219-XNL-12;KG0KG05219;XNL;12;0;G;Tommy Hilfiger;Одежда;Толстовка c капюшоном;90% органический хлопок, 10% полиэстер;ДЖУНИОР РЕПАБЛИК ООО;Tommy Hilfiger Europe B.V.;ИНДИЯ;0;10182.19;1;2020;2;
361;KG0KG05326-C87-12;KG0KG05326;C87;12;0;G;Tommy Hilfiger;Верхняя одежда;Куртка пальто;65% ПОЛИЭСТЕР, 35% ПЕРЕРАБОТАННЫЙ ПОЛИЭСТЕР;ДЖУНИОР РЕПАБЛИК ООО;Tommy Hilfiger Europe B.V.;КИТАЙ;0;25374.78;1;2020;2;
362;KB0KB05783-1BJ-12;KB0KB05783;1BJ;12;0;B;Tommy Hilfiger;Одежда;Джинсы слимы;74% Хлопок, 25% Полиэстер, 1% Эластан;ДЖУНИОР РЕПАБЛИК ООО;Tommy Hilfiger Europe B.V.;БАНГЛАДЕШ;0;7636.64;1;2020;2;
363;KG0KG05199-1BJ-16;KG0KG05199;1BJ;16;0;G;Tommy Hilfiger;Одежда;Джинсы клеш;79% Хлопок, 20% Переработанный хлопок, 1% Эластан;ДЖУНИОР РЕПАБЛИК ООО;Tommy Hilfiger Europe B.V.;ТУНИС;0;10182.19;1;2020;2;
364;KB0KB05907-YBR-16;KB0KB05907;YBR;16;0;B;Tommy Hilfiger;Одежда;Поло с коротким рукавом;100% Органический хлопок;ДЖУНИОР РЕПАБЛИК ООО;Tommy Hilfiger Europe B.V.;БАНГЛАДЕШ;0;7636.64;1;2020;2;
365;KB0KB05911-C87-12;KB0KB05911;C87;12;0;B;Tommy Hilfiger;Одежда;Брюки;97% хлопок, 3% эластан;ДЖУНИОР РЕПАБЛИК ООО;Tommy Hilfiger Europe B.V.;ШРИ-ЛАНКА;0;8909.42;1;2020;2;
366;KB0KB05885-C87-16;KB0KB05885;C87;16;0;B;Tommy Hilfiger;Верхняя одежда;Куртка бомбер;67% хлопок, 33% полиамид;ДЖУНИОР РЕПАБЛИК ООО;Tommy Hilfiger Europe B.V.;КИТАЙ;0;25374.78;1;2020;2;
367;KG0KG05262-C87-10;KG0KG05262;C87;10;0;G;Tommy Hilfiger;Верхняя одежда;Куртка ветровка;100% полиэстер;ДЖУНИОР РЕПАБЛИК ООО;Tommy Hilfiger Europe B.V.;КИТАЙ;0;12727.74;1;2020;2;
368;KS0KS00129-L57-10;KS0KS00129;L57;10;0;U;Tommy Hilfiger;Верхняя одежда;Куртка бомбер;100% полиэстер;ДЖУНИОР РЕПАБЛИК ООО;Tommy Hilfiger Europe B.V.;КИТАЙ;0;24102.00;1;2020;2;
369;KG0KG05251-XNL-16;KG0KG05251;XNL;16;0;G;Tommy Hilfiger;Одежда;Футболка с коротким рукавом;100% Органический хлопок;ДЖУНИОР РЕПАБЛИК ООО;Tommy Hilfiger Europe B.V.;БАНГЛАДЕШ;0;5091.10;1;2020;2;
370;KB0KB05844-ZIO-10;KB0KB05844;ZIO;10;0;B;Tommy Hilfiger;Одежда;Футболка с коротким рукавом;100% Органический хлопок;ДЖУНИОР РЕПАБЛИК ООО;Tommy Hilfiger Europe B.V.;БАНГЛАДЕШ;0;3181.94;1;2020;2;
371;KB0KB05805-C87-12;KB0KB05805;C87;12;0;B;Tommy Hilfiger;Одежда;Толстовка-свитшот;70% ОРГАНИЧЕСКИЙ ХЛОПОК, 30% ПОЛИЭСТЕР;ДЖУНИОР РЕПАБЛИК ООО;Tommy Hilfiger Europe B.V.;ИНДИЯ;0;9545.81;1;2020;2;
372;KG0KG05265-XNL-10;KG0KG05265;XNL;10;0;G;Tommy Hilfiger;Верхняя одежда;Куртка пуховая;100% полиамид;ДЖУНИОР РЕПАБЛИК ООО;Tommy Hilfiger Europe B.V.;КИТАЙ;0;21556.46;1;2020;2;
373;KB0KB05860-0GY-14;KB0KB05860;0GY;14;0;B;Tommy Hilfiger;Одежда;Футболка с коротким рукавом;100% Органический хлопок;ДЖУНИОР РЕПАБЛИК ООО;Tommy Hilfiger Europe B.V.;БАНГЛАДЕШ;0;5091.10;1;2020;2;
374;KG0KG05265-PE6-16;KG0KG05265;PE6;16;0;G;Tommy Hilfiger;Верхняя одежда;Куртка пуховая;100% полиамид;ДЖУНИОР РЕПАБЛИК ООО;Tommy Hilfiger Europe B.V.;КИТАЙ;0;21556.46;1;2020;2;
375;KB0KB05860-0GY-8;KB0KB05860;0GY;8;1;B;Tommy Hilfiger;Одежда;Футболка с коротким рукавом;100% Органический хлопок;ДЖУНИОР РЕПАБЛИК ООО;Tommy Hilfiger Europe B.V.;БАНГЛАДЕШ;0;5091.10;1;2020;2;
376;KB0KB05784-1A4-16;KB0KB05784;1A4;16;0;B;Tommy Hilfiger;Одежда;Джинсы прямые;74% Хлопок, 25% Полиэстер, 1% Эластан;ДЖУНИОР РЕПАБЛИК ООО;Tommy Hilfiger Europe B.V.;БАНГЛАДЕШ;0;7636.64;1;2020;2;
377;KG0KG05198-1A6-8;KG0KG05198;1A6;8;1;G;Tommy Hilfiger;Одежда;Джинсы прямые;98% хлопок, 2% эластан;ДЖУНИОР РЕПАБЛИК ООО;Tommy Hilfiger Europe B.V.;ТУНИС;0;8909.42;1;2020;2;
378;KB0KB05810-YBR-8;KB0KB05810;YBR;8;1;B;Tommy Hilfiger;Одежда;Толстовка на молнии;100% Органический хлопок;ДЖУНИОР РЕПАБЛИК ООО;Tommy Hilfiger Europe B.V.;ТУРЦИЯ;0;10182.19;1;2020;2;
379;KB0KB05786-1BK-16;KB0KB05786;1BK;16;0;B;Tommy Hilfiger;Одежда;Джинсы слимы;79% Хлопок, 20% Переработанный хлопок, 1% Эластан;ДЖУНИОР РЕПАБЛИК ООО;Tommy Hilfiger Europe B.V.;ТУНИС;0;8909.42;1;2020;2;
380;KG0KG05265-XNL-16;KG0KG05265;XNL;16;0;G;Tommy Hilfiger;Верхняя одежда;Куртка пуховая;100% полиамид;ДЖУНИОР РЕПАБЛИК ООО;Tommy Hilfiger Europe B.V.;КИТАЙ;0;21556.46;1;2020;2;
381;KB0KB05884-L57-14;KB0KB05884;L57;14;0;B;Tommy Hilfiger;Верхняя одежда;Куртка пуховая;100% полиамид;ДЖУНИОР РЕПАБЛИК ООО;Tommy Hilfiger Europe B.V.;КИТАЙ;0;20283.68;1;2020;2;
382;KB0KB05848-C4X-8;KB0KB05848;C4X;8;1;B;Tommy Hilfiger;Одежда;Футболка с коротким рукавом;100% Органический хлопок;ДЖУНИОР РЕПАБЛИК ООО;Tommy Hilfiger Europe B.V.;БАНГЛАДЕШ;0;4454.71;1;2020;2;
383;KG0KG05198-1A6-14;KG0KG05198;1A6;14;0;G;Tommy Hilfiger;Одежда;Джинсы прямые;98% хлопок, 2% эластан;ДЖУНИОР РЕПАБЛИК ООО;Tommy Hilfiger Europe B.V.;ТУНИС;0;8909.42;1;2020;2;
384;KG0KG05263-C87-12;KG0KG05263;C87;12;0;G;Tommy Hilfiger;Верхняя одежда;Куртка бомбер;100% полиамид;ДЖУНИОР РЕПАБЛИК ООО;Tommy Hilfiger Europe B.V.;КИТАЙ;0;24102.00;1;2020;2;
385;KB0KB05853-XNL-8;KB0KB05853;XNL;8;1;B;Tommy Hilfiger;Одежда;Футболка с коротким рукавом;100% Органический хлопок;ДЖУНИОР РЕПАБЛИК ООО;Tommy Hilfiger Europe B.V.;ТУРЦИЯ;0;5727.48;1;2020;2;
386;KB0KB05844-ZIO-16;KB0KB05844;ZIO;16;0;B;Tommy Hilfiger;Одежда;Футболка с коротким рукавом;100% Органический хлопок;ДЖУНИОР РЕПАБЛИК ООО;Tommy Hilfiger Europe B.V.;БАНГЛАДЕШ;0;3181.94;1;2020;2;
387;KB0KB05854-C4X-12;KB0KB05854;C4X;12;0;B;Tommy Hilfiger;Одежда;Футболка с коротким рукавом;100% хлопок;ДЖУНИОР РЕПАБЛИК ООО;Tommy Hilfiger Europe B.V.;БАНГЛАДЕШ;0;5091.10;1;2020;2;
388;KG0KG05269-C87-16;KG0KG05269;C87;16;0;G;Tommy Hilfiger;Верхняя одежда;Куртка пальто;67% хлопок, 33% полиамид;ДЖУНИОР РЕПАБЛИК ООО;Tommy Hilfiger Europe B.V.;КИТАЙ;0;25374.78;1;2020;2;
389;KB0KB05911-C87-16;KB0KB05911;C87;16;0;B;Tommy Hilfiger;Одежда;Брюки;97% хлопок, 3% эластан;ДЖУНИОР РЕПАБЛИК ООО;Tommy Hilfiger Europe B.V.;ШРИ-ЛАНКА;0;8909.42;1;2020;2;
390;KB0KB05814-C87-16;KB0KB05814;C87;16;0;B;Tommy Hilfiger;Одежда;Свитер;100% хлопок;ДЖУНИОР РЕПАБЛИК ООО;Tommy Hilfiger Europe B.V.;КИТАЙ;0;11454.97;1;2020;2;
391;KB0KB05796-L3V-10;KB0KB05796;L3V;10;0;B;Tommy Hilfiger;Одежда;Толстовка c капюшоном;65% ОРГАНИЧЕСКИЙ ХЛОПОК, 30% ПОЛИЭСТЕР, 5% ЭЛАСТАН;ДЖУНИОР РЕПАБЛИК ООО;Tommy Hilfiger Europe B.V.;ИНДИЯ;0;8273.03;1;2020;2;
392;KG0KG05192-1BJ-16;KG0KG05192;1BJ;16;0;G;Tommy Hilfiger;Одежда;Джинсы скини;74% Хлопок, 25% Полиэстер, 1% Эластан;ДЖУНИОР РЕПАБЛИК ООО;Tommy Hilfiger Europe B.V.;БАНГЛАДЕШ;0;7636.64;1;2020;2;
393;KG0KG05263-C87-10;KG0KG05263;C87;10;0;G;Tommy Hilfiger;Верхняя одежда;Куртка бомбер;100% полиамид;ДЖУНИОР РЕПАБЛИК ООО;Tommy Hilfiger Europe B.V.;КИТАЙ;0;24102.00;1;2020;2;
394;KB0KB05854-C4X-8;KB0KB05854;C4X;8;1;B;Tommy Hilfiger;Одежда;Футболка с коротким рукавом;100% хлопок;ДЖУНИОР РЕПАБЛИК ООО;Tommy Hilfiger Europe B.V.;БАНГЛАДЕШ;0;5091.10;1;2020;2;
395;KB0KB05864-P6U-12;KB0KB05864;P6U;12;0;B;Tommy Hilfiger;Одежда;Брюки спортивные;65% ОРГАНИЧЕСКИЙ ХЛОПОК, 30% ПОЛИЭСТЕР, 5% ЭЛАСТАН;ДЖУНИОР РЕПАБЛИК ООО;Tommy Hilfiger Europe B.V.;ИНДИЯ;0;7636.64;1;2020;2;
396;KB0KB05883-XNL-10;KB0KB05883;XNL;10;0;B;Tommy Hilfiger;Верхняя одежда;Куртка пуховая;100% полиэстер;ДЖУНИОР РЕПАБЛИК ООО;Tommy Hilfiger Europe B.V.;КИТАЙ;0;25374.78;1;2020;2;
397;KS0KS00129-YBR-10;KS0KS00129;YBR;10;0;U;Tommy Hilfiger;Верхняя одежда;Куртка бомбер;100% полиэстер;ДЖУНИОР РЕПАБЛИК ООО;Tommy Hilfiger Europe B.V.;КИТАЙ;0;24102.00;1;2020;2;
398;KB0KB05885-C87-8;KB0KB05885;C87;8;1;B;Tommy Hilfiger;Верхняя одежда;Куртка бомбер;67% хлопок, 33% полиамид;ДЖУНИОР РЕПАБЛИК ООО;Tommy Hilfiger Europe B.V.;КИТАЙ;0;25374.78;1;2020;2;
399;KB0KB05850-YBR-14;KB0KB05850;YBR;14;0;B;Tommy Hilfiger;Одежда;Футболка с длинным рукавом;100% хлопок;ДЖУНИОР РЕПАБЛИК ООО;Tommy Hilfiger Europe B.V.;БАНГЛАДЕШ;0;5727.48;1;2020;2;
400;KB0KB05885-C87-14;KB0KB05885;C87;14;0;B;Tommy Hilfiger;Верхняя одежда;Куртка бомбер;67% хлопок, 33% полиамид;ДЖУНИОР РЕПАБЛИК ООО;Tommy Hilfiger Europe B.V.;КИТАЙ;0;25374.78;1;2020;2;
401;KG0KG05332-YBR-8;KG0KG05332;YBR;8;1;G;Tommy Hilfiger;Одежда;Футболка с коротким рукавом;50% ОРГАНИЧЕСКИЙ ХЛОПОК, 47% ПОЛИЭСТЕР, 3% ПОЛИАМИД;ДЖУНИОР РЕПАБЛИК ООО;Tommy Hilfiger Europe B.V.;ТУРЦИЯ;0;4454.71;1;2020;2;
402;KB0KB05833-XNL-8;KB0KB05833;XNL;8;1;B;Tommy Hilfiger;Одежда;Поло с коротким рукавом;100% Органический хлопок;ДЖУНИОР РЕПАБЛИК ООО;Tommy Hilfiger Europe B.V.;ИНДИЯ;0;7636.64;1;2020;2;
403;KB0KB05805-C87-14;KB0KB05805;C87;14;0;B;Tommy Hilfiger;Одежда;Толстовка-свитшот;70% ОРГАНИЧЕСКИЙ ХЛОПОК, 30% ПОЛИЭСТЕР;ДЖУНИОР РЕПАБЛИК ООО;Tommy Hilfiger Europe B.V.;ИНДИЯ;0;9545.81;1;2020;2;
404;KG0KG05315-1BJ-10;KG0KG05315;1BJ;10;0;G;Tommy Hilfiger;Одежда;Юбка;74% Хлопок, 25% Полиэстер, 1% Эластан;ДЖУНИОР РЕПАБЛИК ООО;Tommy Hilfiger Europe B.V.;БАНГЛАДЕШ;0;7636.64;1;2020;2;
405;KG0KG05315-1BJ-16;KG0KG05315;1BJ;16;0;G;Tommy Hilfiger;Одежда;Юбка;74% Хлопок, 25% Полиэстер, 1% Эластан;ДЖУНИОР РЕПАБЛИК ООО;Tommy Hilfiger Europe B.V.;БАНГЛАДЕШ;0;7636.64;1;2020;2;
406;KG0KG05198-1A6-12;KG0KG05198;1A6;12;0;G;Tommy Hilfiger;Одежда;Джинсы прямые;98% хлопок, 2% эластан;ДЖУНИОР РЕПАБЛИК ООО;Tommy Hilfiger Europe B.V.;ТУНИС;0;8909.42;1;2020;2;
407;KG0KG05198-1A6-16;KG0KG05198;1A6;16;0;G;Tommy Hilfiger;Одежда;Джинсы прямые;98% хлопок, 2% эластан;ДЖУНИОР РЕПАБЛИК ООО;Tommy Hilfiger Europe B.V.;ТУНИС;0;8909.42;1;2020;2;
408;KB0KB05803-YBR-14;KB0KB05803;YBR;14;0;B;Tommy Hilfiger;Одежда;Толстовка-свитшот;70% ОРГАНИЧЕСКИЙ ХЛОПОК, 30% ПОЛИЭСТЕР;ДЖУНИОР РЕПАБЛИК ООО;Tommy Hilfiger Europe B.V.;ИНДИЯ;0;8909.42;1;2020;2;
409;KB0KB05825-C4X-8;KB0KB05825;C4X;8;1;B;Tommy Hilfiger;Одежда;Рубашка с длинным рукавом;100% хлопок;ДЖУНИОР РЕПАБЛИК ООО;Tommy Hilfiger Europe B.V.;ИНДИЯ;0;10818.58;1;2020;2;
410;KS0KS00129-L57-12;KS0KS00129;L57;12;0;U;Tommy Hilfiger;Верхняя одежда;Куртка бомбер;100% полиэстер;ДЖУНИОР РЕПАБЛИК ООО;Tommy Hilfiger Europe B.V.;КИТАЙ;0;24102.00;1;2020;2;
411;KB0KB05884-L57-16;KB0KB05884;L57;16;0;B;Tommy Hilfiger;Верхняя одежда;Куртка пуховая;100% полиамид;ДЖУНИОР РЕПАБЛИК ООО;Tommy Hilfiger Europe B.V.;КИТАЙ;0;20283.68;1;2020;2;
412;KG0KG05263-C87-14;KG0KG05263;C87;14;0;G;Tommy Hilfiger;Верхняя одежда;Куртка бомбер;100% полиамид;ДЖУНИОР РЕПАБЛИК ООО;Tommy Hilfiger Europe B.V.;КИТАЙ;0;24102.00;1;2020;2;
413;KS0KS00129-L57-14;KS0KS00129;L57;14;0;U;Tommy Hilfiger;Верхняя одежда;Куртка бомбер;100% полиэстер;ДЖУНИОР РЕПАБЛИК ООО;Tommy Hilfiger Europe B.V.;КИТАЙ;0;24102.00;1;2020;2;
414;KB0KB05784-1A4-14;KB0KB05784;1A4;14;0;B;Tommy Hilfiger;Одежда;Джинсы прямые;74% Хлопок, 25% Полиэстер, 1% Эластан;ДЖУНИОР РЕПАБЛИК ООО;Tommy Hilfiger Europe B.V.;БАНГЛАДЕШ;0;7636.64;1;2020;2;
415;KG0KG05265-XNL-14;KG0KG05265;XNL;14;0;G;Tommy Hilfiger;Верхняя одежда;Куртка пуховая;100% полиамид;ДЖУНИОР РЕПАБЛИК ООО;Tommy Hilfiger Europe B.V.;КИТАЙ;0;21556.46;1;2020;2;
416;KB0KB05848-XNL-10;KB0KB05848;XNL;10;0;B;Tommy Hilfiger;Одежда;Футболка с коротким рукавом;100% Органический хлопок;ДЖУНИОР РЕПАБЛИК ООО;Tommy Hilfiger Europe B.V.;БАНГЛАДЕШ;0;4454.71;1;2020;2;
417;KB0KB05814-C87-10;KB0KB05814;C87;10;0;B;Tommy Hilfiger;Одежда;Свитер;100% хлопок;ДЖУНИОР РЕПАБЛИК ООО;Tommy Hilfiger Europe B.V.;КИТАЙ;0;11454.97;1;2020;2;
418;KS0KS00129-L57-8;KS0KS00129;L57;8;1;U;Tommy Hilfiger;Верхняя одежда;Куртка бомбер;100% полиэстер;ДЖУНИОР РЕПАБЛИК ООО;Tommy Hilfiger Europe B.V.;КИТАЙ;0;24102.00;1;2020;2;
419;KB0KB05810-YBR-12;KB0KB05810;YBR;12;0;B;Tommy Hilfiger;Одежда;Толстовка на молнии;100% Органический хлопок;ДЖУНИОР РЕПАБЛИК ООО;Tommy Hilfiger Europe B.V.;ТУРЦИЯ;0;10182.19;1;2020;2;
420;KB0KB05853-YBR-16;KB0KB05853;YBR;16;0;B;Tommy Hilfiger;Одежда;Футболка с коротким рукавом;100% Органический хлопок;ДЖУНИОР РЕПАБЛИК ООО;Tommy Hilfiger Europe B.V.;ТУРЦИЯ;0;5727.48;1;2020;2;
421;KB0KB05864-P6U-10;KB0KB05864;P6U;10;0;B;Tommy Hilfiger;Одежда;Брюки спортивные;65% ОРГАНИЧЕСКИЙ ХЛОПОК, 30% ПОЛИЭСТЕР, 5% ЭЛАСТАН;ДЖУНИОР РЕПАБЛИК ООО;Tommy Hilfiger Europe B.V.;ИНДИЯ;0;7636.64;1;2020;2;
422;KG0KG05192-1BJ-14;KG0KG05192;1BJ;14;0;G;Tommy Hilfiger;Одежда;Джинсы скини;74% Хлопок, 25% Полиэстер, 1% Эластан;ДЖУНИОР РЕПАБЛИК ООО;Tommy Hilfiger Europe B.V.;БАНГЛАДЕШ;0;7636.64;1;2020;2;
423;KG0KG05262-C87-12;KG0KG05262;C87;12;0;G;Tommy Hilfiger;Верхняя одежда;Куртка ветровка;100% полиэстер;ДЖУНИОР РЕПАБЛИК ООО;Tommy Hilfiger Europe B.V.;КИТАЙ;0;12727.74;1;2020;2;
424;KB0KB05844-ZIO-8;KB0KB05844;ZIO;8;1;B;Tommy Hilfiger;Одежда;Футболка с коротким рукавом;100% Органический хлопок;ДЖУНИОР РЕПАБЛИК ООО;Tommy Hilfiger Europe B.V.;БАНГЛАДЕШ;0;3181.94;1;2020;2;
425;KB0KB05853-YBR-12;KB0KB05853;YBR;12;0;B;Tommy Hilfiger;Одежда;Футболка с коротким рукавом;100% Органический хлопок;ДЖУНИОР РЕПАБЛИК ООО;Tommy Hilfiger Europe B.V.;ТУРЦИЯ;0;5727.48;1;2020;2;
426;KG0KG05219-XNL-16;KG0KG05219;XNL;16;0;G;Tommy Hilfiger;Одежда;Толстовка c капюшоном;90% органический хлопок, 10% полиэстер;ДЖУНИОР РЕПАБЛИК ООО;Tommy Hilfiger Europe B.V.;ИНДИЯ;0;10182.19;1;2020;2;
427;KB0KB05796-L3V-8;KB0KB05796;L3V;8;1;B;Tommy Hilfiger;Одежда;Толстовка c капюшоном;65% ОРГАНИЧЕСКИЙ ХЛОПОК, 30% ПОЛИЭСТЕР, 5% ЭЛАСТАН;ДЖУНИОР РЕПАБЛИК ООО;Tommy Hilfiger Europe B.V.;ИНДИЯ;0;8273.03;1;2020;2;
428;KG0KG05265-XNL-8;KG0KG05265;XNL;8;1;G;Tommy Hilfiger;Верхняя одежда;Куртка пуховая;100% полиамид;ДЖУНИОР РЕПАБЛИК ООО;Tommy Hilfiger Europe B.V.;КИТАЙ;0;21556.46;1;2020;2;
429;KB0KB05883-XNL-14;KB0KB05883;XNL;14;0;B;Tommy Hilfiger;Верхняя одежда;Куртка пуховая;100% полиэстер;ДЖУНИОР РЕПАБЛИК ООО;Tommy Hilfiger Europe B.V.;КИТАЙ;0;25374.78;1;2020;2;
430;KG0KG05199-1BJ-12;KG0KG05199;1BJ;12;0;G;Tommy Hilfiger;Одежда;Джинсы клеш;79% Хлопок, 20% Переработанный хлопок, 1% Эластан;ДЖУНИОР РЕПАБЛИК ООО;Tommy Hilfiger Europe B.V.;ТУНИС;0;10182.19;1;2020;2;
431;KB0KB05907-YBR-12;KB0KB05907;YBR;12;0;B;Tommy Hilfiger;Одежда;Поло с коротким рукавом;100% Органический хлопок;ДЖУНИОР РЕПАБЛИК ООО;Tommy Hilfiger Europe B.V.;БАНГЛАДЕШ;0;7636.64;1;2020;2;
432;KB0KB05783-1BJ-14;KB0KB05783;1BJ;14;0;B;Tommy Hilfiger;Одежда;Джинсы слимы;74% Хлопок, 25% Полиэстер, 1% Эластан;ДЖУНИОР РЕПАБЛИК ООО;Tommy Hilfiger Europe B.V.;БАНГЛАДЕШ;0;7636.64;1;2020;2;
433;KB0KB05810-YBR-14;KB0KB05810;YBR;14;0;B;Tommy Hilfiger;Одежда;Толстовка на молнии;100% Органический хлопок;ДЖУНИОР РЕПАБЛИК ООО;Tommy Hilfiger Europe B.V.;ТУРЦИЯ;0;10182.19;1;2020;2;
434;KB0KB05825-C4X-12;KB0KB05825;C4X;12;0;B;Tommy Hilfiger;Одежда;Рубашка с длинным рукавом;100% хлопок;ДЖУНИОР РЕПАБЛИК ООО;Tommy Hilfiger Europe B.V.;ИНДИЯ;0;10818.58;1;2020;2;
435;KB0KB05844-ZIO-14;KB0KB05844;ZIO;14;0;B;Tommy Hilfiger;Одежда;Футболка с коротким рукавом;100% Органический хлопок;ДЖУНИОР РЕПАБЛИК ООО;Tommy Hilfiger Europe B.V.;БАНГЛАДЕШ;0;3181.94;1;2020;2;
436;KB0KB05884-L57-8;KB0KB05884;L57;8;1;B;Tommy Hilfiger;Верхняя одежда;Куртка пуховая;100% полиамид;ДЖУНИОР РЕПАБЛИК ООО;Tommy Hilfiger Europe B.V.;КИТАЙ;0;20283.68;1;2020;2;
437;KB0KB05833-XNL-12;KB0KB05833;XNL;12;0;B;Tommy Hilfiger;Одежда;Поло с коротким рукавом;100% Органический хлопок;ДЖУНИОР РЕПАБЛИК ООО;Tommy Hilfiger Europe B.V.;ИНДИЯ;0;7636.64;1;2020;2;
438;KG0KG05251-XNL-12;KG0KG05251;XNL;12;0;G;Tommy Hilfiger;Одежда;Футболка с коротким рукавом;100% Органический хлопок;ДЖУНИОР РЕПАБЛИК ООО;Tommy Hilfiger Europe B.V.;БАНГЛАДЕШ;0;5091.10;1;2020;2;
439;KB0KB05854-C4X-16;KB0KB05854;C4X;16;0;B;Tommy Hilfiger;Одежда;Футболка с коротким рукавом;100% хлопок;ДЖУНИОР РЕПАБЛИК ООО;Tommy Hilfiger Europe B.V.;БАНГЛАДЕШ;0;5091.10;1;2020;2;
440;KG0KG05269-C87-12;KG0KG05269;C87;12;0;G;Tommy Hilfiger;Верхняя одежда;Куртка пальто;67% хлопок, 33% полиамид;ДЖУНИОР РЕПАБЛИК ООО;Tommy Hilfiger Europe B.V.;КИТАЙ;0;25374.78;1;2020;2;
441;KB0KB05784-1A4-10;KB0KB05784;1A4;10;0;B;Tommy Hilfiger;Одежда;Джинсы прямые;74% Хлопок, 25% Полиэстер, 1% Эластан;ДЖУНИОР РЕПАБЛИК ООО;Tommy Hilfiger Europe B.V.;БАНГЛАДЕШ;0;7636.64;1;2020;2;
442;KG0KG05265-PE6-8;KG0KG05265;PE6;8;1;G;Tommy Hilfiger;Верхняя одежда;Куртка пуховая;100% полиамид;ДЖУНИОР РЕПАБЛИК ООО;Tommy Hilfiger Europe B.V.;КИТАЙ;0;21556.46;1;2020;2;
443;KG0KG05332-YBR-16;KG0KG05332;YBR;16;0;G;Tommy Hilfiger;Одежда;Футболка с коротким рукавом;50% ОРГАНИЧЕСКИЙ ХЛОПОК, 47% ПОЛИЭСТЕР, 3% ПОЛИАМИД;ДЖУНИОР РЕПАБЛИК ООО;Tommy Hilfiger Europe B.V.;ТУРЦИЯ;0;4454.71;1;2020;2;
444;KB0KB05848-XNL-12;KB0KB05848;XNL;12;0;B;Tommy Hilfiger;Одежда;Футболка с коротким рукавом;100% Органический хлопок;ДЖУНИОР РЕПАБЛИК ООО;Tommy Hilfiger Europe B.V.;БАНГЛАДЕШ;0;4454.71;1;2020;2;
445;KB0KB05864-C87-8;KB0KB05864;C87;8;1;B;Tommy Hilfiger;Одежда;Брюки спортивные;65% ОРГАНИЧЕСКИЙ ХЛОПОК, 30% ПОЛИЭСТЕР, 5% ЭЛАСТАН;ДЖУНИОР РЕПАБЛИК ООО;Tommy Hilfiger Europe B.V.;ИНДИЯ;0;7636.64;1;2020;2;
446;KB0KB05786-1BK-12;KB0KB05786;1BK;12;0;B;Tommy Hilfiger;Одежда;Джинсы слимы;79% Хлопок, 20% Переработанный хлопок, 1% Эластан;ДЖУНИОР РЕПАБЛИК ООО;Tommy Hilfiger Europe B.V.;ТУНИС;0;8909.42;1;2020;2;
447;KG0KG05251-C87-12;KG0KG05251;C87;12;0;G;Tommy Hilfiger;Одежда;Футболка с коротким рукавом;100% Органический хлопок;ДЖУНИОР РЕПАБЛИК ООО;Tommy Hilfiger Europe B.V.;БАНГЛАДЕШ;0;5091.10;1;2020;2;
448;KB0KB05848-C4X-10;KB0KB05848;C4X;10;0;B;Tommy Hilfiger;Одежда;Футболка с коротким рукавом;100% Органический хлопок;ДЖУНИОР РЕПАБЛИК ООО;Tommy Hilfiger Europe B.V.;БАНГЛАДЕШ;0;4454.71;1;2020;2;
449;KB0KB05853-XNL-14;KB0KB05853;XNL;14;0;B;Tommy Hilfiger;Одежда;Футболка с коротким рукавом;100% Органический хлопок;ДЖУНИОР РЕПАБЛИК ООО;Tommy Hilfiger Europe B.V.;ТУРЦИЯ;0;5727.48;1;2020;2;
450;KG0KG05282-C87-14;KG0KG05282;C87;14;0;G;Tommy Hilfiger;Одежда;Платье;95% органический хлопок, 5% эластан;ДЖУНИОР РЕПАБЛИК ООО;Tommy Hilfiger Europe B.V.;КИТАЙ;0;10818.58;1;2020;2;
451;KB0KB05883-XNL-16;KB0KB05883;XNL;16;0;B;Tommy Hilfiger;Верхняя одежда;Куртка пуховая;100% полиэстер;ДЖУНИОР РЕПАБЛИК ООО;Tommy Hilfiger Europe B.V.;КИТАЙ;0;25374.78;1;2020;2;
452;KB0KB05883-XNL-12;KB0KB05883;XNL;12;0;B;Tommy Hilfiger;Верхняя одежда;Куртка пуховая;100% полиэстер;ДЖУНИОР РЕПАБЛИК ООО;Tommy Hilfiger Europe B.V.;КИТАЙ;0;25374.78;1;2020;2;
453;KB0KB05885-C87-10;KB0KB05885;C87;10;0;B;Tommy Hilfiger;Верхняя одежда;Куртка бомбер;67% хлопок, 33% полиамид;ДЖУНИОР РЕПАБЛИК ООО;Tommy Hilfiger Europe B.V.;КИТАЙ;0;25374.78;1;2020;2;
454;KB0KB05883-C4X-14;KB0KB05883;C4X;14;0;B;Tommy Hilfiger;Верхняя одежда;Куртка пуховая;100% полиэстер;ДЖУНИОР РЕПАБЛИК ООО;Tommy Hilfiger Europe B.V.;КИТАЙ;0;25374.78;1;2020;2;
455;KB0KB05911-C87-8;KB0KB05911;C87;8;1;B;Tommy Hilfiger;Одежда;Брюки;97% хлопок, 3% эластан;ДЖУНИОР РЕПАБЛИК ООО;Tommy Hilfiger Europe B.V.;ШРИ-ЛАНКА;0;8909.42;1;2020;2;
456;KB0KB05796-L3V-16;KB0KB05796;L3V;16;0;B;Tommy Hilfiger;Одежда;Толстовка c капюшоном;65% ОРГАНИЧЕСКИЙ ХЛОПОК, 30% ПОЛИЭСТЕР, 5% ЭЛАСТАН;ДЖУНИОР РЕПАБЛИК ООО;Tommy Hilfiger Europe B.V.;ИНДИЯ;0;8273.03;1;2020;2;
457;KB0KB05803-YBR-10;KB0KB05803;YBR;10;0;B;Tommy Hilfiger;Одежда;Толстовка-свитшот;70% ОРГАНИЧЕСКИЙ ХЛОПОК, 30% ПОЛИЭСТЕР;ДЖУНИОР РЕПАБЛИК ООО;Tommy Hilfiger Europe B.V.;ИНДИЯ;0;8909.42;1;2020;2;
458;KG0KG05332-YBR-14;KG0KG05332;YBR;14;0;G;Tommy Hilfiger;Одежда;Футболка с коротким рукавом;50% ОРГАНИЧЕСКИЙ ХЛОПОК, 47% ПОЛИЭСТЕР, 3% ПОЛИАМИД;ДЖУНИОР РЕПАБЛИК ООО;Tommy Hilfiger Europe B.V.;ТУРЦИЯ;0;4454.71;1;2020;2;
459;KG0KG05251-XNL-14;KG0KG05251;XNL;14;0;G;Tommy Hilfiger;Одежда;Футболка с коротким рукавом;100% Органический хлопок;ДЖУНИОР РЕПАБЛИК ООО;Tommy Hilfiger Europe B.V.;БАНГЛАДЕШ;0;5091.10;1;2020;2;
460;KB0KB05844-ZIO-12;KB0KB05844;ZIO;12;0;B;Tommy Hilfiger;Одежда;Футболка с коротким рукавом;100% Органический хлопок;ДЖУНИОР РЕПАБЛИК ООО;Tommy Hilfiger Europe B.V.;БАНГЛАДЕШ;0;3181.94;1;2020;2;
461;KG0KG05199-1BJ-14;KG0KG05199;1BJ;14;0;G;Tommy Hilfiger;Одежда;Джинсы клеш;79% Хлопок, 20% Переработанный хлопок, 1% Эластан;ДЖУНИОР РЕПАБЛИК ООО;Tommy Hilfiger Europe B.V.;ТУНИС;0;10182.19;1;2020;2;
462;KG0KG05265-XNL-12;KG0KG05265;XNL;12;0;G;Tommy Hilfiger;Верхняя одежда;Куртка пуховая;100% полиамид;ДЖУНИОР РЕПАБЛИК ООО;Tommy Hilfiger Europe B.V.;КИТАЙ;0;21556.46;1;2020;2;
463;KB0KB05803-YBR-16;KB0KB05803;YBR;16;0;B;Tommy Hilfiger;Одежда;Толстовка-свитшот;70% ОРГАНИЧЕСКИЙ ХЛОПОК, 30% ПОЛИЭСТЕР;ДЖУНИОР РЕПАБЛИК ООО;Tommy Hilfiger Europe B.V.;ИНДИЯ;0;8909.42;1;2020;2;
464;KB0KB05864-C87-14;KB0KB05864;C87;14;0;B;Tommy Hilfiger;Одежда;Брюки спортивные;65% ОРГАНИЧЕСКИЙ ХЛОПОК, 30% ПОЛИЭСТЕР, 5% ЭЛАСТАН;ДЖУНИОР РЕПАБЛИК ООО;Tommy Hilfiger Europe B.V.;ИНДИЯ;0;7636.64;1;2020;2;
465;KB0KB05884-L57-12;KB0KB05884;L57;12;0;B;Tommy Hilfiger;Верхняя одежда;Куртка пуховая;100% полиамид;ДЖУНИОР РЕПАБЛИК ООО;Tommy Hilfiger Europe B.V.;КИТАЙ;0;20283.68;1;2020;2;
466;KS0KS00129-L57-16;KS0KS00129;L57;16;0;U;Tommy Hilfiger;Верхняя одежда;Куртка бомбер;100% полиэстер;ДЖУНИОР РЕПАБЛИК ООО;Tommy Hilfiger Europe B.V.;КИТАЙ;0;24102.00;1;2020;2;
467;KB0KB05860-0GY-16;KB0KB05860;0GY;16;0;B;Tommy Hilfiger;Одежда;Футболка с коротким рукавом;100% Органический хлопок;ДЖУНИОР РЕПАБЛИК ООО;Tommy Hilfiger Europe B.V.;БАНГЛАДЕШ;0;5091.10;1;2020;2;
468;KS0KS00129-YBR-12;KS0KS00129;YBR;12;0;U;Tommy Hilfiger;Верхняя одежда;Куртка бомбер;100% полиэстер;ДЖУНИОР РЕПАБЛИК ООО;Tommy Hilfiger Europe B.V.;КИТАЙ;0;24102.00;1;2020;2;
469;KB0KB05853-YBR-8;KB0KB05853;YBR;8;1;B;Tommy Hilfiger;Одежда;Футболка с коротким рукавом;100% Органический хлопок;ДЖУНИОР РЕПАБЛИК ООО;Tommy Hilfiger Europe B.V.;ТУРЦИЯ;0;5727.48;1;2020;2;
470;KG0KG05265-PE6-12;KG0KG05265;PE6;12;0;G;Tommy Hilfiger;Верхняя одежда;Куртка пуховая;100% полиамид;ДЖУНИОР РЕПАБЛИК ООО;Tommy Hilfiger Europe B.V.;КИТАЙ;0;21556.46;1;2020;2;
471;KB0KB05848-XNL-14;KB0KB05848;XNL;14;0;B;Tommy Hilfiger;Одежда;Футболка с коротким рукавом;100% Органический хлопок;ДЖУНИОР РЕПАБЛИК ООО;Tommy Hilfiger Europe B.V.;БАНГЛАДЕШ;0;4454.71;1;2020;2;
472;KG0KG05315-1BJ-8;KG0KG05315;1BJ;8;1;G;Tommy Hilfiger;Одежда;Юбка;74% Хлопок, 25% Полиэстер, 1% Эластан;ДЖУНИОР РЕПАБЛИК ООО;Tommy Hilfiger Europe B.V.;БАНГЛАДЕШ;0;7636.64;1;2020;2;
473;KB0KB05883-C4X-10;KB0KB05883;C4X;10;0;B;Tommy Hilfiger;Верхняя одежда;Куртка пуховая;100% полиэстер;ДЖУНИОР РЕПАБЛИК ООО;Tommy Hilfiger Europe B.V.;КИТАЙ;0;25374.78;1;2020;2;
474;KB0KB05805-C87-8;KB0KB05805;C87;8;1;B;Tommy Hilfiger;Одежда;Толстовка-свитшот;70% ОРГАНИЧЕСКИЙ ХЛОПОК, 30% ПОЛИЭСТЕР;ДЖУНИОР РЕПАБЛИК ООО;Tommy Hilfiger Europe B.V.;ИНДИЯ;0;9545.81;1;2020;2;
475;KB0KB05864-P6U-8;KB0KB05864;P6U;8;1;B;Tommy Hilfiger;Одежда;Брюки спортивные;65% ОРГАНИЧЕСКИЙ ХЛОПОК, 30% ПОЛИЭСТЕР, 5% ЭЛАСТАН;ДЖУНИОР РЕПАБЛИК ООО;Tommy Hilfiger Europe B.V.;ИНДИЯ;0;7636.64;1;2020;2;
476;KB0KB05803-YBR-8;KB0KB05803;YBR;8;1;B;Tommy Hilfiger;Одежда;Толстовка-свитшот;70% ОРГАНИЧЕСКИЙ ХЛОПОК, 30% ПОЛИЭСТЕР;ДЖУНИОР РЕПАБЛИК ООО;Tommy Hilfiger Europe B.V.;ИНДИЯ;0;8909.42;1;2020;2;
477;KB0KB05796-L3V-14;KB0KB05796;L3V;14;0;B;Tommy Hilfiger;Одежда;Толстовка c капюшоном;65% ОРГАНИЧЕСКИЙ ХЛОПОК, 30% ПОЛИЭСТЕР, 5% ЭЛАСТАН;ДЖУНИОР РЕПАБЛИК ООО;Tommy Hilfiger Europe B.V.;ИНДИЯ;0;8273.03;1;2020;2;
478;KG0KG05262-C87-16;KG0KG05262;C87;16;0;G;Tommy Hilfiger;Верхняя одежда;Куртка ветровка;100% полиэстер;ДЖУНИОР РЕПАБЛИК ООО;Tommy Hilfiger Europe B.V.;КИТАЙ;0;12727.74;1;2020;2;
479;KB0KB05911-C87-14;KB0KB05911;C87;14;0;B;Tommy Hilfiger;Одежда;Брюки;97% хлопок, 3% эластан;ДЖУНИОР РЕПАБЛИК ООО;Tommy Hilfiger Europe B.V.;ШРИ-ЛАНКА;0;8909.42;1;2020;2;
480;KS0KS00129-YBR-14;KS0KS00129;YBR;14;0;U;Tommy Hilfiger;Верхняя одежда;Куртка бомбер;100% полиэстер;ДЖУНИОР РЕПАБЛИК ООО;Tommy Hilfiger Europe B.V.;КИТАЙ;0;24102.00;1;2020;2;
481;KB0KB05803-YBR-12;KB0KB05803;YBR;12;0;B;Tommy Hilfiger;Одежда;Толстовка-свитшот;70% ОРГАНИЧЕСКИЙ ХЛОПОК, 30% ПОЛИЭСТЕР;ДЖУНИОР РЕПАБЛИК ООО;Tommy Hilfiger Europe B.V.;ИНДИЯ;0;8909.42;1;2020;2;
482;KG0KG05326-C87-16;KG0KG05326;C87;16;0;G;Tommy Hilfiger;Верхняя одежда;Куртка пальто;65% ПОЛИЭСТЕР, 35% ПЕРЕРАБОТАННЫЙ ПОЛИЭСТЕР;ДЖУНИОР РЕПАБЛИК ООО;Tommy Hilfiger Europe B.V.;КИТАЙ;0;25374.78;1;2020;2;
483;KG0KG05282-C87-16;KG0KG05282;C87;16;0;G;Tommy Hilfiger;Одежда;Платье;95% органический хлопок, 5% эластан;ДЖУНИОР РЕПАБЛИК ООО;Tommy Hilfiger Europe B.V.;КИТАЙ;0;10818.58;1;2020;2;
484;KB0KB05825-C4X-16;KB0KB05825;C4X;16;0;B;Tommy Hilfiger;Одежда;Рубашка с длинным рукавом;100% хлопок;ДЖУНИОР РЕПАБЛИК ООО;Tommy Hilfiger Europe B.V.;ИНДИЯ;0;10818.58;1;2020;2;
485;KG0KG05192-1BJ-10;KG0KG05192;1BJ;10;1;G;Tommy Hilfiger;Одежда;Джинсы скини;74% Хлопок, 25% Полиэстер, 1% Эластан;ДЖУНИОР РЕПАБЛИК ООО;Tommy Hilfiger Europe B.V.;БАНГЛАДЕШ;0;7636.64;1;2020;2;
486;KB0KB05784-1A4-12;KB0KB05784;1A4;12;0;B;Tommy Hilfiger;Одежда;Джинсы прямые;74% Хлопок, 25% Полиэстер, 1% Эластан;ДЖУНИОР РЕПАБЛИК ООО;Tommy Hilfiger Europe B.V.;БАНГЛАДЕШ;0;7636.64;1;2020;2;
487;KG0KG05251-XNL-10;KG0KG05251;XNL;10;0;G;Tommy Hilfiger;Одежда;Футболка с коротким рукавом;100% Органический хлопок;ДЖУНИОР РЕПАБЛИК ООО;Tommy Hilfiger Europe B.V.;БАНГЛАДЕШ;0;5091.10;1;2020;2;
488;KB0KB05848-C4X-14;KB0KB05848;C4X;14;0;B;Tommy Hilfiger;Одежда;Футболка с коротким рукавом;100% Органический хлопок;ДЖУНИОР РЕПАБЛИК ООО;Tommy Hilfiger Europe B.V.;БАНГЛАДЕШ;0;4454.71;1;2020;2;
489;KB0KB05853-XNL-10;KB0KB05853;XNL;10;0;B;Tommy Hilfiger;Одежда;Футболка с коротким рукавом;100% Органический хлопок;ДЖУНИОР РЕПАБЛИК ООО;Tommy Hilfiger Europe B.V.;ТУРЦИЯ;0;5727.48;1;2020;2;
490;KG0KG05265-PE6-10;KG0KG05265;PE6;10;0;G;Tommy Hilfiger;Верхняя одежда;Куртка пуховая;100% полиамид;ДЖУНИОР РЕПАБЛИК ООО;Tommy Hilfiger Europe B.V.;КИТАЙ;0;21556.46;1;2020;2;
491;KG0KG05251-C87-8;KG0KG05251;C87;8;1;G;Tommy Hilfiger;Одежда;Футболка с коротким рукавом;100% Органический хлопок;ДЖУНИОР РЕПАБЛИК ООО;Tommy Hilfiger Europe B.V.;БАНГЛАДЕШ;0;5091.10;1;2020;2;
492;KB0KB05848-XNL-16;KB0KB05848;XNL;16;0;B;Tommy Hilfiger;Одежда;Футболка с коротким рукавом;100% Органический хлопок;ДЖУНИОР РЕПАБЛИК ООО;Tommy Hilfiger Europe B.V.;БАНГЛАДЕШ;0;4454.71;1;2020;2;
493;KB0KB05854-C4X-10;KB0KB05854;C4X;10;0;B;Tommy Hilfiger;Одежда;Футболка с коротким рукавом;100% хлопок;ДЖУНИОР РЕПАБЛИК ООО;Tommy Hilfiger Europe B.V.;БАНГЛАДЕШ;0;5091.10;1;2020;2;
494;KB0KB05883-XNL-8;KB0KB05883;XNL;8;1;B;Tommy Hilfiger;Верхняя одежда;Куртка пуховая;100% полиэстер;ДЖУНИОР РЕПАБЛИК ООО;Tommy Hilfiger Europe B.V.;КИТАЙ;0;25374.78;1;2020;2;
495;KB0KB05784-1A4-8;KB0KB05784;1A4;8;1;B;Tommy Hilfiger;Одежда;Джинсы прямые;74% Хлопок, 25% Полиэстер, 1% Эластан;ДЖУНИОР РЕПАБЛИК ООО;Tommy Hilfiger Europe B.V.;БАНГЛАДЕШ;0;7636.64;1;2020;2;
496;KB0KB05792-1A5-16;KB0KB05792;1A5;16;0;B;Tommy Hilfiger;Одежда;Джинсы скини;72% ХЛОПОК, 20% ПЕРЕРАБОТАННЫЙ ХЛОПОК, 4% ПОЛИЭСТЕР, 4% ЭЛАСТАН;ДЖУНИОР РЕПАБЛИК ООО;Tommy Hilfiger Europe B.V.;ТУНИС;0;10182.19;1;2020;2;
497;KG0KG05219-XNL-10;KG0KG05219;XNL;10;0;G;Tommy Hilfiger;Одежда;Толстовка c капюшоном;90% органический хлопок, 10% полиэстер;ДЖУНИОР РЕПАБЛИК ООО;Tommy Hilfiger Europe B.V.;ИНДИЯ;0;10182.19;1;2020;2;
498;KB0KB05792-1A5-12;KB0KB05792;1A5;12;0;B;Tommy Hilfiger;Одежда;Джинсы скини;72% ХЛОПОК, 20% ПЕРЕРАБОТАННЫЙ ХЛОПОК, 4% ПОЛИЭСТЕР, 4% ЭЛАСТАН;ДЖУНИОР РЕПАБЛИК ООО;Tommy Hilfiger Europe B.V.;ТУНИС;0;10182.19;1;2020;2;
499;KB0KB05864-C87-16;KB0KB05864;C87;16;0;B;Tommy Hilfiger;Одежда;Брюки спортивные;65% ОРГАНИЧЕСКИЙ ХЛОПОК, 30% ПОЛИЭСТЕР, 5% ЭЛАСТАН;ДЖУНИОР РЕПАБЛИК ООО;Tommy Hilfiger Europe B.V.;ИНДИЯ;0;7636.64;1;2020;2;
500;KB0KB05796-L3V-12;KB0KB05796;L3V;12;0;B;Tommy Hilfiger;Одежда;Толстовка c капюшоном;65% ОРГАНИЧЕСКИЙ ХЛОПОК, 30% ПОЛИЭСТЕР, 5% ЭЛАСТАН;ДЖУНИОР РЕПАБЛИК ООО;Tommy Hilfiger Europe B.V.;ИНДИЯ;0;8273.03;1;2020;2;
501;KG0KG05219-XNL-14;KG0KG05219;XNL;14;0;G;Tommy Hilfiger;Одежда;Толстовка c капюшоном;90% органический хлопок, 10% полиэстер;ДЖУНИОР РЕПАБЛИК ООО;Tommy Hilfiger Europe B.V.;ИНДИЯ;0;10182.19;1;2020;2;
502;KG0KG05282-C87-10;KG0KG05282;C87;10;0;G;Tommy Hilfiger;Одежда;Платье;95% органический хлопок, 5% эластан;ДЖУНИОР РЕПАБЛИК ООО;Tommy Hilfiger Europe B.V.;КИТАЙ;0;10818.58;1;2020;2;
503;KB0KB05792-1A5-14;KB0KB05792;1A5;14;0;B;Tommy Hilfiger;Одежда;Джинсы скини;72% ХЛОПОК, 20% ПЕРЕРАБОТАННЫЙ ХЛОПОК, 4% ПОЛИЭСТЕР, 4% ЭЛАСТАН;ДЖУНИОР РЕПАБЛИК ООО;Tommy Hilfiger Europe B.V.;ТУНИС;0;10182.19;1;2020;2;
504;KG0KG05199-1BJ-10;KG0KG05199;1BJ;10;0;G;Tommy Hilfiger;Одежда;Джинсы клеш;79% Хлопок, 20% Переработанный хлопок, 1% Эластан;ДЖУНИОР РЕПАБЛИК ООО;Tommy Hilfiger Europe B.V.;ТУНИС;0;10182.19;1;2020;2;
505;KG0KG05326-C87-14;KG0KG05326;C87;14;0;G;Tommy Hilfiger;Верхняя одежда;Куртка пальто;65% ПОЛИЭСТЕР, 35% ПЕРЕРАБОТАННЫЙ ПОЛИЭСТЕР;ДЖУНИОР РЕПАБЛИК ООО;Tommy Hilfiger Europe B.V.;КИТАЙ;0;25374.78;1;2020;2;
506;KG0KG05262-C87-14;KG0KG05262;C87;14;0;G;Tommy Hilfiger;Верхняя одежда;Куртка ветровка;100% полиэстер;ДЖУНИОР РЕПАБЛИК ООО;Tommy Hilfiger Europe B.V.;КИТАЙ;0;12727.74;1;2020;2;
507;KB0KB05907-YBR-8;KB0KB05907;YBR;8;1;B;Tommy Hilfiger;Одежда;Поло с коротким рукавом;100% Органический хлопок;ДЖУНИОР РЕПАБЛИК ООО;Tommy Hilfiger Europe B.V.;БАНГЛАДЕШ;0;7636.64;1;2020;2;
508;KB0KB05883-C4X-12;KB0KB05883;C4X;12;0;B;Tommy Hilfiger;Верхняя одежда;Куртка пуховая;100% полиэстер;ДЖУНИОР РЕПАБЛИК ООО;Tommy Hilfiger Europe B.V.;КИТАЙ;0;25374.78;1;2020;2;
509;KG0KG05199-1BJ-8;KG0KG05199;1BJ;8;1;G;Tommy Hilfiger;Одежда;Джинсы клеш;79% Хлопок, 20% Переработанный хлопок, 1% Эластан;ДЖУНИОР РЕПАБЛИК ООО;Tommy Hilfiger Europe B.V.;ТУНИС;0;10182.19;1;2020;2;
510;KB0KB05825-C4X-10;KB0KB05825;C4X;10;0;B;Tommy Hilfiger;Одежда;Рубашка с длинным рукавом;100% хлопок;ДЖУНИОР РЕПАБЛИК ООО;Tommy Hilfiger Europe B.V.;ИНДИЯ;0;10818.58;1;2020;2;
511;KB0KB05864-C87-10;KB0KB05864;C87;10;0;B;Tommy Hilfiger;Одежда;Брюки спортивные;65% ОРГАНИЧЕСКИЙ ХЛОПОК, 30% ПОЛИЭСТЕР, 5% ЭЛАСТАН;ДЖУНИОР РЕПАБЛИК ООО;Tommy Hilfiger Europe B.V.;ИНДИЯ;0;7636.64;1;2020;2;
512;KB0KB05883-C4X-8;KB0KB05883;C4X;8;1;B;Tommy Hilfiger;Верхняя одежда;Куртка пуховая;100% полиэстер;ДЖУНИОР РЕПАБЛИК ООО;Tommy Hilfiger Europe B.V.;КИТАЙ;0;25374.78;1;2020;2;
513;KG0KG05315-1BJ-12;KG0KG05315;1BJ;12;0;G;Tommy Hilfiger;Одежда;Юбка;74% Хлопок, 25% Полиэстер, 1% Эластан;ДЖУНИОР РЕПАБЛИК ООО;Tommy Hilfiger Europe B.V.;БАНГЛАДЕШ;0;7636.64;1;2020;2;
514;KB0KB05786-1BK-10;KB0KB05786;1BK;10;0;B;Tommy Hilfiger;Одежда;Джинсы слимы;79% Хлопок, 20% Переработанный хлопок, 1% Эластан;ДЖУНИОР РЕПАБЛИК ООО;Tommy Hilfiger Europe B.V.;ТУНИС;0;8909.42;1;2020;2;
515;KB0KB05825-C4X-14;KB0KB05825;C4X;14;0;B;Tommy Hilfiger;Одежда;Рубашка с длинным рукавом;100% хлопок;ДЖУНИОР РЕПАБЛИК ООО;Tommy Hilfiger Europe B.V.;ИНДИЯ;0;10818.58;1;2020;2;
516;KB0KB05814-C87-8;KB0KB05814;C87;8;1;B;Tommy Hilfiger;Одежда;Свитер;100% хлопок;ДЖУНИОР РЕПАБЛИК ООО;Tommy Hilfiger Europe B.V.;КИТАЙ;0;11454.97;1;2020;2;
517;KG0KG05332-YBR-12;KG0KG05332;YBR;12;0;G;Tommy Hilfiger;Одежда;Футболка с коротким рукавом;50% ОРГАНИЧЕСКИЙ ХЛОПОК, 47% ПОЛИЭСТЕР, 3% ПОЛИАМИД;ДЖУНИОР РЕПАБЛИК ООО;Tommy Hilfiger Europe B.V.;ТУРЦИЯ;0;4454.71;1;2020;2;
518;KG0KG05269-C87-10;KG0KG05269;C87;10;0;G;Tommy Hilfiger;Верхняя одежда;Куртка пальто;67% хлопок, 33% полиамид;ДЖУНИОР РЕПАБЛИК ООО;Tommy Hilfiger Europe B.V.;КИТАЙ;0;25374.78;1;2020;2;
519;KB0KB05854-C4X-14;KB0KB05854;C4X;14;0;B;Tommy Hilfiger;Одежда;Футболка с коротким рукавом;100% хлопок;ДЖУНИОР РЕПАБЛИК ООО;Tommy Hilfiger Europe B.V.;БАНГЛАДЕШ;0;5091.10;1;2020;2;
520;KG0KG05269-C87-14;KG0KG05269;C87;14;0;G;Tommy Hilfiger;Верхняя одежда;Куртка пальто;67% хлопок, 33% полиамид;ДЖУНИОР РЕПАБЛИК ООО;Tommy Hilfiger Europe B.V.;КИТАЙ;0;25374.78;1;2020;2;
521;KB0KB05853-XNL-16;KB0KB05853;XNL;16;0;B;Tommy Hilfiger;Одежда;Футболка с коротким рукавом;100% Органический хлопок;ДЖУНИОР РЕПАБЛИК ООО;Tommy Hilfiger Europe B.V.;ТУРЦИЯ;0;5727.48;1;2020;2;
522;KB0KB05783-1BJ-8;KB0KB05783;1BJ;8;1;B;Tommy Hilfiger;Одежда;Джинсы слимы;74% Хлопок, 25% Полиэстер, 1% Эластан;ДЖУНИОР РЕПАБЛИК ООО;Tommy Hilfiger Europe B.V.;БАНГЛАДЕШ;0;7636.64;1;2020;2;
523;KB0KB05848-XNL-8;KB0KB05848;XNL;8;1;B;Tommy Hilfiger;Одежда;Футболка с коротким рукавом;100% Органический хлопок;ДЖУНИОР РЕПАБЛИК ООО;Tommy Hilfiger Europe B.V.;БАНГЛАДЕШ;0;4454.71;1;2020;2;
524;KG0KG05265-PE6-14;KG0KG05265;PE6;14;0;G;Tommy Hilfiger;Верхняя одежда;Куртка пуховая;100% полиамид;ДЖУНИОР РЕПАБЛИК ООО;Tommy Hilfiger Europe B.V.;КИТАЙ;0;21556.46;1;2020;2;
525;KB0KB05853-XNL-12;KB0KB05853;XNL;12;0;B;Tommy Hilfiger;Одежда;Футболка с коротким рукавом;100% Органический хлопок;ДЖУНИОР РЕПАБЛИК ООО;Tommy Hilfiger Europe B.V.;ТУРЦИЯ;0;5727.48;1;2020;2;
526;KG0KG05251-C87-16;KG0KG05251;C87;16;0;G;Tommy Hilfiger;Одежда;Футболка с коротким рукавом;100% Органический хлопок;ДЖУНИОР РЕПАБЛИК ООО;Tommy Hilfiger Europe B.V.;БАНГЛАДЕШ;0;5091.10;1;2020;2;
527;KB0KB05848-C4X-12;KB0KB05848;C4X;12;0;B;Tommy Hilfiger;Одежда;Футболка с коротким рукавом;100% Органический хлопок;ДЖУНИОР РЕПАБЛИК ООО;Tommy Hilfiger Europe B.V.;БАНГЛАДЕШ;0;4454.71;1;2020;2;
528;KB0KB05792-1A5-8;KB0KB05792;1A5;8;1;B;Tommy Hilfiger;Одежда;Джинсы скини;72% ХЛОПОК, 20% ПЕРЕРАБОТАННЫЙ ХЛОПОК, 4% ПОЛИЭСТЕР, 4% ЭЛАСТАН;ДЖУНИОР РЕПАБЛИК ООО;Tommy Hilfiger Europe B.V.;ТУНИС;0;10182.19;1;2020;2;
529;KB0KB05786-1BK-14;KB0KB05786;1BK;14;0;B;Tommy Hilfiger;Одежда;Джинсы слимы;79% Хлопок, 20% Переработанный хлопок, 1% Эластан;ДЖУНИОР РЕПАБЛИК ООО;Tommy Hilfiger Europe B.V.;ТУНИС;0;8909.42;1;2020;2;
530;KB0KB05814-C87-14;KB0KB05814;C87;14;0;B;Tommy Hilfiger;Одежда;Свитер;100% хлопок;ДЖУНИОР РЕПАБЛИК ООО;Tommy Hilfiger Europe B.V.;КИТАЙ;0;11454.97;1;2020;2;
531;KB0KB05885-C87-12;KB0KB05885;C87;12;0;B;Tommy Hilfiger;Верхняя одежда;Куртка бомбер;67% хлопок, 33% полиамид;ДЖУНИОР РЕПАБЛИК ООО;Tommy Hilfiger Europe B.V.;КИТАЙ;0;25374.78;1;2020;2;
532;KB0KB05833-XNL-10;KB0KB05833;XNL;10;0;B;Tommy Hilfiger;Одежда;Поло с коротким рукавом;100% Органический хлопок;ДЖУНИОР РЕПАБЛИК ООО;Tommy Hilfiger Europe B.V.;ИНДИЯ;0;7636.64;1;2020;2;
533;KG0KG05282-C87-12;KG0KG05282;C87;12;0;G;Tommy Hilfiger;Одежда;Платье;95% органический хлопок, 5% эластан;ДЖУНИОР РЕПАБЛИК ООО;Tommy Hilfiger Europe B.V.;КИТАЙ;0;10818.58;1;2020;2;
534;KB0KB05805-C87-16;KB0KB05805;C87;16;0;B;Tommy Hilfiger;Одежда;Толстовка-свитшот;70% ОРГАНИЧЕСКИЙ ХЛОПОК, 30% ПОЛИЭСТЕР;ДЖУНИОР РЕПАБЛИК ООО;Tommy Hilfiger Europe B.V.;ИНДИЯ;0;9545.81;1;2020;2;
535;KS0KS00129-YBR-8;KS0KS00129;YBR;8;1;U;Tommy Hilfiger;Верхняя одежда;Куртка бомбер;100% полиэстер;ДЖУНИОР РЕПАБЛИК ООО;Tommy Hilfiger Europe B.V.;КИТАЙ;0;24102.00;1;2020;2;
536;KG0KG05251-C87-10;KG0KG05251;C87;10;0;G;Tommy Hilfiger;Одежда;Футболка с коротким рукавом;100% Органический хлопок;ДЖУНИОР РЕПАБЛИК ООО;Tommy Hilfiger Europe B.V.;БАНГЛАДЕШ;0;5091.10;1;2020;2;
537;KB0KB05883-C4X-16;KB0KB05883;C4X;16;0;B;Tommy Hilfiger;Верхняя одежда;Куртка пуховая;100% полиэстер;ДЖУНИОР РЕПАБЛИК ООО;Tommy Hilfiger Europe B.V.;КИТАЙ;0;25374.78;1;2020;2;
538;KB0KB05864-P6U-14;KB0KB05864;P6U;14;0;B;Tommy Hilfiger;Одежда;Брюки спортивные;65% ОРГАНИЧЕСКИЙ ХЛОПОК, 30% ПОЛИЭСТЕР, 5% ЭЛАСТАН;ДЖУНИОР РЕПАБЛИК ООО;Tommy Hilfiger Europe B.V.;ИНДИЯ;0;7636.64;1;2020;2;
539;KB0KB05907-YBR-10;KB0KB05907;YBR;10;0;B;Tommy Hilfiger;Одежда;Поло с коротким рукавом;100% Органический хлопок;ДЖУНИОР РЕПАБЛИК ООО;Tommy Hilfiger Europe B.V.;БАНГЛАДЕШ;0;7636.64;1;2020;2;
540;KB0KB05850-YBR-10;KB0KB05850;YBR;10;0;B;Tommy Hilfiger;Одежда;Футболка с длинным рукавом;100% хлопок;ДЖУНИОР РЕПАБЛИК ООО;Tommy Hilfiger Europe B.V.;БАНГЛАДЕШ;0;5727.48;1;2020;2;
541;KG0KG05282-C87-8;KG0KG05282;C87;8;1;G;Tommy Hilfiger;Одежда;Платье;95% органический хлопок, 5% эластан;ДЖУНИОР РЕПАБЛИК ООО;Tommy Hilfiger Europe B.V.;КИТАЙ;0;10818.58;1;2020;2;
542;KG0KG05326-C87-8;KG0KG05326;C87;8;1;G;Tommy Hilfiger;Верхняя одежда;Куртка пальто;65% ПОЛИЭСТЕР, 35% ПЕРЕРАБОТАННЫЙ ПОЛИЭСТЕР;ДЖУНИОР РЕПАБЛИК ООО;Tommy Hilfiger Europe B.V.;КИТАЙ;0;25374.78;1;2020;2;
543;KB0KB05911-C87-10;KB0KB05911;C87;10;0;B;Tommy Hilfiger;Одежда;Брюки;97% хлопок, 3% эластан;ДЖУНИОР РЕПАБЛИК ООО;Tommy Hilfiger Europe B.V.;ШРИ-ЛАНКА;0;8909.42;1;2020;2;
544;KG0KG05315-1BJ-14;KG0KG05315;1BJ;14;0;G;Tommy Hilfiger;Одежда;Юбка;74% Хлопок, 25% Полиэстер, 1% Эластан;ДЖУНИОР РЕПАБЛИК ООО;Tommy Hilfiger Europe B.V.;БАНГЛАДЕШ;0;7636.64;1;2020;2;
545;KB0KB05810-YBR-10;KB0KB05810;YBR;10;0;B;Tommy Hilfiger;Одежда;Толстовка на молнии;100% Органический хлопок;ДЖУНИОР РЕПАБЛИК ООО;Tommy Hilfiger Europe B.V.;ТУРЦИЯ;0;10182.19;1;2020;2;
546;KB0KB05783-1BJ-10;KB0KB05783;1BJ;10;0;B;Tommy Hilfiger;Одежда;Джинсы слимы;74% Хлопок, 25% Полиэстер, 1% Эластан;ДЖУНИОР РЕПАБЛИК ООО;Tommy Hilfiger Europe B.V.;БАНГЛАДЕШ;0;7636.64;1;2020;2;
547;KB0KB05833-XNL-16;KB0KB05833;XNL;16;0;B;Tommy Hilfiger;Одежда;Поло с коротким рукавом;100% Органический хлопок;ДЖУНИОР РЕПАБЛИК ООО;Tommy Hilfiger Europe B.V.;ИНДИЯ;0;7636.64;1;2020;2;
548;KB0KB05864-C87-12;KB0KB05864;C87;12;0;B;Tommy Hilfiger;Одежда;Брюки спортивные;65% ОРГАНИЧЕСКИЙ ХЛОПОК, 30% ПОЛИЭСТЕР, 5% ЭЛАСТАН;ДЖУНИОР РЕПАБЛИК ООО;Tommy Hilfiger Europe B.V.;ИНДИЯ;0;7636.64;1;2020;2;
549;KB0KB05850-YBR-16;KB0KB05850;YBR;16;0;B;Tommy Hilfiger;Одежда;Футболка с длинным рукавом;100% хлопок;ДЖУНИОР РЕПАБЛИК ООО;Tommy Hilfiger Europe B.V.;БАНГЛАДЕШ;0;5727.48;1;2020;2;
550;KG0KG05263-C87-16;KG0KG05263;C87;16;0;G;Tommy Hilfiger;Верхняя одежда;Куртка бомбер;100% полиамид;ДЖУНИОР РЕПАБЛИК ООО;Tommy Hilfiger Europe B.V.;КИТАЙ;0;24102.00;1;2020;2;
551;KB0KB05805-C87-10;KB0KB05805;C87;10;0;B;Tommy Hilfiger;Одежда;Толстовка-свитшот;70% ОРГАНИЧЕСКИЙ ХЛОПОК, 30% ПОЛИЭСТЕР;ДЖУНИОР РЕПАБЛИК ООО;Tommy Hilfiger Europe B.V.;ИНДИЯ;0;9545.81;1;2020;2;
552;KG0KG05192-1BJ-12;KG0KG05192;1BJ;12;0;G;Tommy Hilfiger;Одежда;Джинсы скини;74% Хлопок, 25% Полиэстер, 1% Эластан;ДЖУНИОР РЕПАБЛИК ООО;Tommy Hilfiger Europe B.V.;БАНГЛАДЕШ;0;7636.64;1;2020;2;
553;KB0KB05884-L57-10;KB0KB05884;L57;10;0;B;Tommy Hilfiger;Верхняя одежда;Куртка пуховая;100% полиамид;ДЖУНИОР РЕПАБЛИК ООО;Tommy Hilfiger Europe B.V.;КИТАЙ;0;20283.68;1;2020;2;
554;KB0KB05814-C87-12;KB0KB05814;C87;12;0;B;Tommy Hilfiger;Одежда;Свитер;100% хлопок;ДЖУНИОР РЕПАБЛИК ООО;Tommy Hilfiger Europe B.V.;КИТАЙ;0;11454.97;1;2020;2;
555;KB0KB05853-YBR-14;KB0KB05853;YBR;14;0;B;Tommy Hilfiger;Одежда;Футболка с коротким рукавом;100% Органический хлопок;ДЖУНИОР РЕПАБЛИК ООО;Tommy Hilfiger Europe B.V.;ТУРЦИЯ;0;5727.48;1;2020;2;
556;KB0KB05792-1A5-10;KB0KB05792;1A5;10;0;B;Tommy Hilfiger;Одежда;Джинсы скини;72% ХЛОПОК, 20% ПЕРЕРАБОТАННЫЙ ХЛОПОК, 4% ПОЛИЭСТЕР, 4% ЭЛАСТАН;ДЖУНИОР РЕПАБЛИК ООО;Tommy Hilfiger Europe B.V.;ТУНИС;0;10182.19;1;2020;2;
